center,out_degree,in_degree,flow_out_legs,flow_in_legs,betweenness_time_cost,clustering_directed,throughput_trips,dwell_gap_median_min
IND000000AAL,1,1,14,14,0.0,0.0,0,91.57578709999997
IND411033AAA,19,22,319,263,0.10009146636272992,0.055762081784386616,30,113.31041676666666
IND000000AAS,1,1,9,8,0.003246897356352632,0.0,8,38.79323135
IND783370AAC,1,1,8,9,0.003241745438174604,0.0,8,26.631230258333332
IND000000AAZ,2,2,2,2,0.0016248357330704006,0.16666666666666666,0,24.081522641666638
IND444203AAA,1,2,5,3,0.0016145318967143445,0.3333333333333333,2,332.4700859833334
IND444303AAA,1,1,2,1,0.0016196838148923726,0.5,1,36.12093970833333
IND000000ABA,1,1,5,10,0.000409379344454079,0.5,5,37.64792176666666
IND683565AAA,1,1,9,5,0.0004042274262760509,0.5,5,28.768166133333338
IND000000ABD,1,1,12,13,0.01271414146057673,0.0,12,68.3726786416666
IND562132AAA,35,36,574,512,0.09102904413687934,0.05156313438895656,27,141.13358345000017
IND000000ABG,1,0,9,0,0.0,0.0,0,46.811826133333284
IND501359AAF,0,3,0,42,0.0,0.0,0,
IND000000ACA,9,12,106,105,0.013300271228677003,0.08048780487804878,35,106.79724185833331
IND140406AAA,1,1,7,2,0.00040898304305576915,0.5,2,19.80191131666666
IND142001AAB,2,2,21,20,0.0,0.6666666666666666,20,42.01258973333333
IND142401AAA,1,2,5,9,0.0012110970732349133,0.5,4,49.68550636666667
IND143001AAA,1,3,14,24,0.0,1.0,11,74.4360400333333
IND144001AAB,5,5,43,57,0.004058918921489523,0.2073170731707317,26,17.689390083333336
IND144514AAA,2,1,6,12,0.00040898304305576915,0.5,4,8.097829341666667
IND147301AAA,1,2,1,3,0.0,0.5,0,21.99625855
IND152026AAA,4,2,21,21,0.0012756942011594194,0.35714285714285715,18,61.87131064999994
IND160002AAC,28,30,296,322,0.04985550851017623,0.023518631643249847,0,135.9711696333334
IND000000ACB,48,41,777,694,0.19922249628665592,0.02664778578784758,86,151.13042246666657
IND000000AEL,1,1,15,17,0.0,0.0,0,161.71567148333332
IND110024AAA,1,3,9,26,0.0004101719472506987,0.1,0,28.89612026666667
IND110030AAD,1,2,7,44,0.0,0.5,0,27.408780250000007
IND110037AAK,1,1,34,26,0.0,0.0,0,144.80570005833331
IND110043AAA,2,2,27,18,0.0008136067707301299,0.0,0,37.17981413333334
IND110043AAC,1,1,1,9,0.0,0.0,0,139.126036
IND110052AAA,1,1,10,2,0.0,0.0,0,111.97910329999999
IND110064AAA,3,2,29,39,0.0008195512917047777,0.1111111111111111,0,25.4526165333333
IND110085AAB,5,4,18,36,0.0024443870247751786,0.030303030303030304,0,18.434563308333317
IND110092AAC,2,3,7,7,0.0008136067707301299,0.125,0,33.48952001666663
IND110095AAB,1,1,1,26,0.0,0.0,0,57.24475661666665
IND121002AAB,1,1,24,38,0.0,0.0,0,77.06585234999999
IND121004AAB,6,8,117,112,0.004055748510303044,0.029411764705882353,0,27.65693943333332
IND122001AAA,4,2,18,41,0.006094322903208932,0.07142857142857142,0,42.36855875
IND122015AAC,0,1,0,2,0.0,0.0,0,
IND124103AAA,1,1,6,10,0.0006134745645836537,0.5,6,17.29658309166667
IND124112AAA,2,1,5,5,0.0008120215651368905,0.6666666666666666,5,21.147013750000013
IND125001AAA,7,5,30,22,0.0028367254091019338,0.0625,5,90.16737889166671
IND125005AAA,5,4,14,9,0.010053373872324372,0.08571428571428572,0,84.01497583333332
IND125033AAA,2,2,5,5,0.0008068696469588623,0.5,5,10.847714250000003
IND127021AAA,1,2,3,7,0.0012217972109892794,0.16666666666666666,2,51.703654133333345
IND131028AAB,18,19,200,262,0.06433873941280815,0.031914893617021274,13,165.46667717499997
IND201007AAA,4,7,16,46,0.0036566730022050214,0.049019607843137254,0,53.71888310833333
IND201301AAF,2,8,25,68,0.000827081018272665,0.06818181818181818,0,46.48683384999998
IND201301AAM,1,1,21,27,0.0,0.0,0,96.1210638666667
IND209304AAA,13,15,138,111,0.050612444180948055,0.024193548387096774,43,107.53764461666667
IND282002AAD,4,4,7,8,0.0036947179364427672,0.21428571428571427,4,84.04922568333333
IND301001AAB,3,4,12,26,0.003246897356352632,0.18421052631578946,2,66.474356825
IND301705AAA,1,2,1,7,0.0012305158417520961,0.16666666666666666,0,12.651975449999995
IND302014AAA,7,10,61,69,0.0346961874220277,0.06390977443609022,7,182.52591338333332
IND302022AAD,1,1,7,14,0.0,0.0,0,384.03933943333334
IND328001AAA,3,3,8,7,0.008189568396073129,0.46153846153846156,6,15.35050741666668
IND382430AAB,12,16,203,170,0.04054777571877185,0.032171581769437,0,137.1066368333333
IND390022AAA,4,5,36,24,0.02119538768580591,0.15151515151515152,22,60.50418811666667
IND421302AAG,27,27,554,414,0.049819841384328344,0.05634301913536499,7,144.20053515833334
IND462022AAA,9,13,74,89,0.04307875459907773,0.05506607929515418,11,72.64829800833333
IND474003AAA,6,8,24,29,0.007248748876485536,0.08426966292134831,13,76.77271525
IND501359AAE,27,30,251,307,0.11392872598611678,0.03670886075949367,3,151.86333109999998
IND521225AAB,7,7,51,46,0.011313612318949708,0.06818181818181818,16,149.7111431333333
IND600056AAB,18,18,222,186,0.045826708494958256,0.03970826580226904,0,140.75488885
IND712311AAA,21,21,212,162,0.0956429831667018,0.030035335689045935,2,105.21098254166667
IND751002AAB,6,12,65,73,0.05915868383550005,0.09,41,111.04100508333329
IND821115AAB,5,4,23,30,0.006483490876349208,0.07352941176470588,0,37.44691775000001
IND834002AAB,5,5,52,42,0.005805419183841048,0.13953488372093023,6,173.68372409166668
IND842001AAA,15,11,122,107,0.024851664386612623,0.034161490683229816,12,69.09399919999998
IND000000ACK,1,0,22,0,0.0,0.0,0,64.09045613333333
IND000000ACN,1,1,11,6,3.963013983098538e-07,0.0,0,51.56505365000001
IND000000ACT,3,0,117,0,0.0,1.0,0,101.67011976666663
IND000000ADV,1,0,11,0,0.0,0.0,0,46.712382950000006
IND600044AAC,0,3,0,40,0.0,0.0,0,
IND000000AEM,2,0,22,0,0.0,0.0,0,126.184012325
IND110037AAB,0,1,0,11,0.0,0.0,0,
IND110064AAB,0,1,0,11,0.0,0.0,0,
IND000000AET,1,1,8,4,0.0032520492745306603,0.0,3,36.256807275
IND000000AFF,1,1,3,3,3.963013983098538e-07,0.0,3,24.309432349999994
IND734203AAA,0,1,0,3,0.0,0.0,0,
IND000000AFG,1,0,1,0,0.0,0.0,0,23.182219399999994
IND673027AAB,2,1,3,1,1.5852055932394153e-06,0.16666666666666666,0,18.050200650000022
IND000000AFJ,2,1,14,1,7.926027966197076e-07,0.5,0,40.735174316666665
IND695121AAA,1,1,11,13,0.0004101719472506987,1.0,11,27.7616255
IND695572AAB,2,3,10,13,0.0008207401958997073,0.125,8,19.272874283333334
IND000000AFR,1,0,6,0,0.0,0.0,0,5.509825958333337
IND683511AAA,7,11,63,65,0.01770080195550962,0.026490066225165563,0,350.6971859833334
IND000000AFT,8,5,50,103,0.004065656045260791,0.0684931506849315,5,30.326935291666665
IND400072AAB,9,11,189,161,0.008361959504337916,0.11956521739130435,0,56.67059125
IND400701AAA,1,1,9,1,0.0,1.0,0,22.952964549999997
IND400706AAA,1,1,1,1,0.0,0.0,0,30.49272168333333
IND410206AAA,1,2,6,10,0.0004042274262760509,0.5,5,42.15126778333333
IND410206AAB,1,1,20,1,0.0,0.0,0,67.34316885833334
IND410209AAA,0,1,0,22,0.0,0.0,0,
IND410210AAA,0,1,0,9,0.0,0.0,0,
IND110014AAA,1,1,9,9,0.0,0.0,3,33.72330265
IND110020AAB,1,1,4,6,0.0,0.0,4,470.43740224166663
IND110037AAM,22,19,185,133,0.06217315042174395,0.040740740740740744,0,152.30552065
IND110035AAC,1,1,2,25,0.0,0.0,2,277.5630729083333
IND201001AAC,0,1,0,1,0.0,0.0,0,
IND201301AAD,1,1,2,3,0.0,0.0,2,42.248280841666684
IND202001AAB,4,4,14,28,0.003812815753139104,0.11538461538461539,11,71.81594909999998
IND226004AAC,0,1,0,1,0.0,0.0,0,
IND282001AAA,1,2,5,4,0.00924491901977227,1.0,2,99.0258770333333
IND282001AAC,1,1,2,1,0.0,0.5,1,87.70366706666667
IND811399AAA,2,1,35,7,0.004753635272726696,0.5,6,142.6393718833333
IND110039AAA,1,1,3,4,0.0,0.0,3,81.02090655
IND110078AAA,1,1,8,22,0.0,0.0,8,45.09221685
IND110044AAB,6,2,130,39,0.002798284173465878,0.26785714285714285,0,75.867551175
IND110005AAA,0,1,0,2,0.0,0.0,0,
IND110046AAA,0,1,0,1,0.0,0.0,0,
IND110083AAA,1,1,1,3,0.0,0.0,0,102.73763221666667
IND110085AAA,0,1,0,1,0.0,0.0,0,
IND110087AAA,0,1,0,3,0.0,0.0,0,
IND110093AAA,1,1,1,1,0.0,0.0,0,30.18967306666667
IND121001AAA,1,1,22,19,0.0,0.0,0,16.153125125
IND121004AAA,1,1,9,14,0.0,0.0,4,46.97127569999999
IND121004AAC,1,1,3,9,0.0,0.0,0,16.87483685
IND121102AAA,1,1,11,28,0.0,0.0,11,45.47890434999999
IND122001AAD,1,1,8,3,0.0004101719472506987,0.0,2,11.9275411
IND122101AAC,0,1,0,1,0.0,0.0,0,
IND122050AAA,0,1,0,8,0.0,0.0,0,
IND122001AAJ,1,1,9,12,0.0012217972109892794,0.0,9,12.817433516666668
IND507123AAA,1,1,8,9,0.0012166452928112513,0.0,8,10.92823739166667
IND122002AAD,1,0,2,0,0.0,0.0,0,24.524866116666665
IND122503AAA,1,1,2,2,0.0004050200290726706,0.0,2,104.593023825
IND122004AAA,2,0,33,0,0.0,0.0,0,37.10594415
IND122413AAE,0,1,0,32,0.0,0.0,0,
IND123001AAA,1,2,10,3,0.0008219291000946368,0.16666666666666666,2,26.94000666666666
IND123401AAB,1,1,10,10,0.00041136085144562824,0.0,9,29.689581783333338
IND123106AAB,0,1,0,10,0.0,0.0,0,
IND124001AAB,1,1,2,3,0.0008183623875098481,0.0,2,37.63415119166668
IND126102AAA,1,1,2,2,0.00081321046933182,0.0,2,24.232756349999995
IND124141AAA,1,1,7,2,0.0012114933746332232,0.0,2,16.68170278333335
IND124507AAA,2,1,10,10,0.00040977564585238885,0.0,10,31.669161449999997
IND131028AAE,0,1,0,1,0.0,0.0,0,
IND125047AAB,2,2,9,9,0.0016387062820112455,0.16666666666666666,8,15.891390849999993
IND125051AAA,1,3,4,11,0.0016284024456551893,0.16666666666666666,4,16.533395600000002
IND335513AAA,3,3,11,13,0.004870544185228104,0.03333333333333333,6,47.83080748333333
IND335523AAB,0,3,0,4,0.0,0.3333333333333333,0,
IND335524AAA,1,2,1,6,3.1704111864788306e-06,0.3333333333333333,1,38.024363699999995
IND125050AAA,1,1,2,1,0.0,0.5,1,11.97104301666667
IND125111AAA,1,1,2,4,0.0016232505274771613,0.0,0,25.493533833333345
IND125104AAA,1,1,1,6,0.0028153251335932016,0.0,0,165.39323581666667
IND125121AAA,1,1,3,2,0.0016180986092991332,0.0,2,375.2410610166667
IND131301AAA,1,1,2,2,0.0008080585511537919,0.0,1,245.97244699166666
IND126112AAA,1,0,14,0,0.0,0.0,0,147.76106181666665
IND127201AAA,1,1,2,3,0.0012166452928112513,0.0,0,6.024312574999989
IND131021AAA,1,0,42,0,0.0,0.0,0,26.207970750000005
IND131028AAA,0,1,0,42,0.0,0.0,0,
IND132103AAA,2,2,7,3,0.0012221935123875893,0.5,0,46.713123633333325
IND136118AAA,1,1,15,15,0.0012305158417520961,0.0,15,29.37893058333333
IND201204AAA,1,1,5,7,0.00040898304305576915,1.0,4,4.810488149999998
IND244001AAA,1,1,9,13,0.0036523136868236127,0.5,9,26.362911566666668
IND244235AAA,1,1,14,15,0.006857995697752021,0.0,14,91.946414625
IND247667AAA,1,1,10,3,0.0,1.0,2,31.330908974999986
IND247667AAB,0,1,0,10,0.0,0.0,0,
IND248001AAD,1,2,9,3,0.0,0.0,1,701.8853955666666
IND249407AAA,3,4,37,34,0.0020298557621430714,0.05555555555555555,20,32.99941131666668
IND250002AAA,1,3,5,7,0.0008088511539504116,0.2,2,227.55024856666665
IND250609AAA,0,1,0,1,0.0,0.0,0,
IND250611AAA,1,1,8,2,0.0008183623875098481,0.0,0,15.498218466666671
IND251001AAA,1,1,10,10,0.0008175697847132284,0.0,10,48.94712651666667
IND132001AAA,3,1,5,4,0.000409379344454079,0.5,2,185.72254771666667
IND132103AAB,1,1,5,2,0.0,0.5,2,69.2194284
IND133004AAA,1,0,5,0,0.0,0.0,0,56.00820621666665
IND135001AAA,1,2,9,6,0.0008136067707301299,0.16666666666666666,6,36.011310666666674
IND134102AAA,1,2,11,3,3.963013983098538e-07,0.0,1,32.04755808333333
IND174103AAA,1,3,2,14,0.000807662249755482,0.0,2,26.88716736666666
IND134109AAA,1,0,9,0,0.0,0.0,0,67.1396830000001
IND134203AAA,1,1,10,1,0.000409379344454079,0.5,0,33.618824925
IND140501AAA,1,1,11,10,0.0004042274262760509,0.5,9,21.085837366666667
IND173025AAA,1,1,8,9,0.0008084548525521018,0.5,7,40.37922417500002
IND136027AAA,1,1,14,15,0.0004109645500473184,0.0,14,68.3307168
IND132039AAA,0,1,0,14,0.0,0.0,0,
IND136128AAA,1,1,15,15,0.0008211364972980171,0.0,15,17.845273499999998
IND140001AAA,1,1,12,13,0.000409379344454079,0.0,12,29.957123275
IND140118AAA,1,1,13,12,0.0004042274262760509,0.0,12,40.939021716666645
IND140301AAA,2,1,25,14,0.0008183623875098481,0.3333333333333333,13,22.302107883333335
IND140901AAA,2,2,26,27,0.00040343482347943117,0.6,24,28.411286025000003
IND140401AAA,3,2,6,8,0.0008084548525521018,0.2777777777777778,6,30.888533383333332
IND160055AAA,1,2,14,27,0.0008072659483571722,1.0,13,52.5702645
IND141003AAB,2,0,22,0,0.0,0.5,0,28.001577483333335
IND142026AAA,2,1,13,15,3.963013983098538e-07,0.3333333333333333,13,27.147597716666667
IND141010AAA,1,0,1,0,0.0,0.0,0,3.4614684833333307
IND141109AAA,1,1,11,12,0.0,0.5,11,43.64189143333331
IND141115AAA,1,2,14,9,0.0008088511539504116,0.3333333333333333,9,9.304547183333334
IND151001AAA,4,5,35,32,0.005268034487732887,0.08571428571428572,13,65.25865421666668
IND144001AAA,1,1,11,2,0.0,0.5,2,30.85864323333334
IND144040AAA,1,2,7,12,0.0008080585511537919,0.3333333333333333,7,14.704838449999997
IND144401AAB,1,1,13,11,0.0,0.0,10,13.14910373333333
IND144601AAA,2,1,3,3,0.0008183623875098481,0.3333333333333333,2,19.779379283333327
IND144001AAC,2,0,21,0,0.0,1.0,0,171.21141656666663
IND144527AAA,1,0,4,0,0.0,0.0,0,4.602698908333338
IND145001AAA,2,1,7,13,1.1889041949295614e-06,0.3333333333333333,0,27.257527266666656
IND176201AAA,1,1,9,6,0.0,0.5,5,8.712808533333344
IND176303AAA,1,2,10,10,1.1889041949295614e-06,0.3333333333333333,10,20.93485055
IND147001AAB,2,2,13,12,0.001637517377816316,0.0,5,47.891179300000005
IND147201AAA,1,2,7,7,0.0012305158417520961,0.16666666666666666,6,34.613955450000006
IND147001AAD,3,2,7,9,0.0004026422206828115,0.05555555555555555,1,38.00325185000003
IND148023AAA,2,2,3,8,0.0008211364972980171,0.08333333333333333,2,19.58507365
IND147101AAA,2,2,7,8,0.0008136067707301299,1.0,7,22.422533683333313
IND147105AAA,2,2,7,8,0.0,1.0,5,238.30484968333326
IND148001AAA,0,1,0,2,0.0,0.0,0,
IND148024AAB,0,1,0,1,0.0,0.0,0,
IND148028AAA,2,0,11,0,0.0,0.0,0,20.058211183333313
IND148101AAA,1,1,2,4,0.000409379344454079,0.5,1,27.056935766666665
IND148102AAA,1,1,1,2,0.0004042274262760509,0.5,1,121.70772364999999
IND151103AAA,0,1,0,2,0.0,0.0,0,
IND151302AAA,1,1,13,14,0.0008183623875098481,0.0,13,17.659295566666657
IND151505AAA,1,1,5,13,0.00081321046933182,0.0,5,8.857804433333328
IND151506AAA,1,1,11,5,0.0008080585511537919,0.0,5,187.29843728333333
IND152024AAA,1,1,1,1,0.0004101719472506987,0.0,1,16.837730216666657
IND152123AAA,0,1,0,1,0.0,0.0,0,
IND140603AAA,0,1,0,17,0.0,0.0,0,
IND160003AAA,1,1,1,1,0.0,0.0,0,382.7257809666667
IND160102AAC,1,1,24,24,0.0,0.0,0,105.32874039166667
IND173212AAA,3,2,8,14,0.0008183623875098481,0.0,8,45.1961965
IND174001AAA,1,2,10,24,0.002437253599605601,0.0,10,38.31407383333334
IND174307AAA,1,1,11,13,0.0,0.5,11,17.531196616666662
IND176041AAA,0,2,0,12,0.0,0.5,0,
IND181152AAA,1,3,4,5,0.0,0.8,2,24.802925708333333
IND184104AAA,4,2,8,7,0.0032465010549543225,0.5384615384615384,6,21.709515324999998
IND160102AAD,2,0,9,0,0.0,0.0,0,37.60107356666667
IND160002AAD,0,1,0,3,0.0,0.0,0,
IND173220AAA,2,1,3,5,3.963013983098538e-07,0.0,0,17.51610321666667
IND175018AAA,1,1,9,10,0.002432101681427573,0.0,9,19.447680650000002
IND174021AAA,1,0,11,0,0.0,0.0,0,8.077031566666662
IND176048AAA,1,1,11,11,0.00040541633047098046,0.0,11,5.486438899999996
IND174101AAB,2,0,10,0,0.0,0.0,0,27.949578766666676
IND175001AAA,1,1,10,9,0.0024269497632495446,0.0,9,42.52192709166667
IND175101AAA,1,1,1,10,0.0024217978450715165,0.0,1,17.76648733333343
IND175015AAA,1,1,13,11,0.0008100400581453412,0.0,11,42.75487413333326
IND176061AAA,1,1,1,2,0.0004050200290726706,0.0,1,23.53262986666664
IND176110AAB,1,1,9,7,0.00040541633047098046,0.0,5,16.546933900000013
IND177033AAA,1,1,12,9,0.0008100400581453412,0.0,8,157.45771995833337
IND176215AAA,1,0,2,0,0.0,0.0,0,62.18347544166666
IND176310AAA,1,1,13,10,1.1889041949295614e-06,0.5,9,30.153436750000083
IND177001AAA,1,0,7,0,0.0,0.0,0,31.56647464999999
IND177101AAA,1,1,2,2,3.963013983098538e-07,0.0,2,34.76079054166667
IND176001AAA,0,1,0,2,0.0,0.0,0,
IND177203AAA,1,0,2,0,0.0,0.0,0,23.237269041666664
IND184121AAA,3,3,7,9,0.0016204764176889924,0.5,7,22.707505983333334
IND181152AAB,3,2,7,7,0.0008136067707301299,0.2777777777777778,0,67.35477078333332
IND181201AAB,1,1,6,3,0.0,0.0,3,96.64605966666664
IND201001AAA,1,1,4,2,0.0,0.0,0,20.479788466666662
IND201005AAA,1,1,1,2,0.0,0.0,1,19.054512916666667
IND201007AAB,3,1,17,1,0.0020132111034140573,0.3,0,76.76588595000001
IND245304AAA,2,2,27,26,0.0008136067707301299,0.0,24,28.328266783333333
IND201304AAA,1,2,14,13,0.0,0.5,10,22.392893708333336
IND203205AAA,0,1,0,13,0.0,0.0,0,
IND201301AAL,2,1,12,20,1.1889041949295614e-06,0.0,11,57.29550564999999
IND201307AAA,1,1,20,5,0.0,0.0,0,29.28918195833333
IND201306AAA,2,0,8,0,0.0,1.0,0,79.49670865833333
IND205001AAB,4,3,13,15,0.0036642027287729084,0.11904761904761904,6,113.01525766666663
IND207123AAA,1,1,1,2,0.0,0.0,1,66.26468384999998
IND202001AAC,1,0,4,0,0.0,0.0,0,9.137770241666665
IND204215AAA,1,1,6,4,0.0004058126318692903,0.0,4,39.650661
IND203001AAA,1,0,4,0,0.0,0.0,0,1.3235426416666662
IND203131AAA,1,1,11,4,2.377808389859123e-06,0.0,3,18.178392216666666
IND203135AAA,2,1,11,11,3.963013983098538e-06,0.16666666666666666,10,55.17231608333336
IND203390AAA,1,2,14,13,4.755616779718246e-06,0.16666666666666666,13,195.92023172499998
IND203396AAB,1,1,11,9,4.755616779718246e-06,0.5,8,18.52601510000001
IND204101AAA,1,1,1,1,0.00041056824864900855,0.5,1,30.533879483333337
IND207001AAA,1,1,6,6,0.0008108326609419609,0.0,6,44.13200875833334
IND205135AAA,1,1,8,7,0.0020183630215920853,0.0,7,30.58909023333333
IND209625AAA,1,2,6,5,0.0008211364972980171,0.16666666666666666,5,44.57876244166667
IND209721AAB,1,1,4,4,0.0012305158417520961,0.5,4,17.00832844166667
IND283203AAA,1,1,10,8,0.0020132111034140573,0.0,8,56.527342799999985
IND206001AAA,1,1,13,11,0.029731323504001855,0.0,11,33.816000116666714
IND206122AAA,1,1,11,12,0.029736475422179883,0.0,11,17.80443718333332
IND207302AAA,1,1,6,6,0.001215060087218012,0.0,6,176.50268084166663
IND207247AAB,1,2,5,6,0.0008100400581453412,0.16666666666666666,5,102.10053028333331
IND208012AAA,1,1,8,13,0.0,0.0,8,656.7504742083332
IND208017AAA,1,0,5,0,0.0,0.0,0,282.7866278333333
IND208019AAA,1,1,3,13,0.0,0.0,2,34.99485531666667
IND209101AAA,1,1,10,11,0.0016351395694264568,0.0,9,5.6636178166666635
IND209111AAA,1,1,15,10,0.0016299876512484287,0.0,10,24.349305183333342
IND285001AAD,1,1,14,15,0.0016248357330704006,0.0,14,35.04789171666666
IND209206AAB,1,1,11,12,0.0004101719472506987,0.0,11,17.946649316666672
IND210301AAA,0,1,0,11,0.0,0.0,0,
IND208006AAA,0,1,0,7,0.0,0.0,0,
IND209801AAA,1,1,4,13,0.0,0.0,4,71.0211747
IND211002AAB,4,4,37,32,0.008098022773063552,0.0,0,73.02466063333333
IND212601AAA,1,1,12,12,0.0008183623875098481,0.0,12,23.188974358333326
IND221313AAA,0,1,0,1,0.0,0.0,0,
IND241124AAB,1,1,3,6,0.0004109645500473184,0.0,3,21.98303201666667
IND210001AAA,1,1,9,12,0.00081321046933182,0.0,9,48.405269533333325
IND210427AAA,1,1,8,9,0.0008080585511537919,0.0,8,36.55097569999998
IND210431AAA,1,1,4,4,0.0016145318967143445,0.0,4,242.811377525
IND210501AAB,1,0,10,0,0.0,0.0,0,31.01134790833335
IND211011AAA,1,1,8,7,0.0008183623875098481,0.0,7,26.856984016666658
IND211013AAA,0,1,0,7,0.0,0.0,0,
IND485001AAC,5,2,19,27,0.0028961706188484117,0.11904761904761904,10,332.7602421
IND211008AAA,1,0,6,0,0.0,0.0,0,63.53763715000002
IND212501AAA,1,1,8,8,0.00081321046933182,0.0,8,29.677428425000002
IND212402AAA,1,1,7,8,0.0008080585511537919,0.0,7,89.15956601666676
IND221010AAB,3,2,5,2,2.4570686695210938e-05,0.05,0,133.05739095
IND222001AAA,1,1,1,1,3.5667125847886842e-06,0.0,1,26.392604016666674
IND232101AAB,1,1,4,1,5.548219576337954e-06,0.5,1,30.11194545
IND233001AAA,2,1,4,3,9.907534957746346e-06,0.16666666666666666,1,38.967133175
IND221303AAA,1,1,2,1,3.963013983098538e-07,0.0,0,22.338935900000003
IND231001AAA,0,1,0,2,0.0,0.0,0,
IND221401AAA,1,0,1,0,0.0,0.0,0,12.974602783333332
IND221706AAA,1,1,8,5,0.0012269491291673075,0.0,5,44.795580116666656
IND273014AAB,5,5,31,35,0.006132367837446678,0.0,2,60.88860034999999
IND222136AAA,0,1,0,1,0.0,0.0,0,
IND223101AAB,1,1,3,3,7.926027966197076e-07,0.0,3,20.316711783333332
IND222125AAB,0,1,0,3,0.0,0.0,0,
IND224001AAA,1,0,10,0,0.0,0.0,0,21.22421721666666
IND224141AAB,1,1,13,10,3.963013983098538e-07,0.0,10,36.90536326666668
IND224122AAA,0,1,0,13,0.0,0.0,0,
IND226004AAA,2,0,5,0,0.0,0.0,0,16.124532916666666
IND226016AAA,0,1,0,4,0.0,0.0,0,
IND226024AAA,0,1,0,1,0.0,0.0,0,
IND231205AAA,1,1,3,4,1.981506991549269e-06,0.5,3,18.2233856
IND231216AAA,0,2,0,6,0.0,0.5,0,
IND231208AAA,1,0,6,0,0.0,0.0,0,33.141911266666675
IND231217AAA,1,1,7,6,1.981506991549269e-06,0.0,6,31.653496233333314
IND231225AAB,1,1,7,7,3.1704111864788306e-06,0.0,7,29.34716358333334
IND486886AAA,1,1,7,7,3.5667125847886842e-06,0.0,7,38.916720716666674
IND232104AAB,2,1,2,4,6.737123771267515e-06,0.16666666666666666,2,82.15616713333334
IND232327AAA,0,1,0,1,0.0,0.0,0,
IND275101AAA,1,1,2,3,0.0,0.5,1,36.236436725
IND275503AAA,1,2,4,3,1.2285343347605469e-05,0.16666666666666666,1,26.951566650000004
IND242001AAA,0,1,0,3,0.0,0.0,0,
IND242221AAA,1,1,5,5,0.0,0.5,5,24.31622088333333
IND242307AAB,2,0,6,0,0.0,0.5,0,19.940440975
IND243001AAA,2,0,10,0,0.0,0.5,0,77.75110833333333
IND243503AAB,1,1,7,9,0.0,0.5,7,337.34485528333335
IND244901AAB,6,9,45,43,0.012912292159731657,0.03333333333333333,14,203.27327911666663
IND243201AAA,1,2,2,2,0.0012217972109892794,0.5,1,26.18792645833333
IND262001AAA,2,2,5,3,0.0012166452928112513,0.3333333333333333,3,15.899790816666666
IND243301AAB,2,1,9,8,0.00040977564585238885,0.16666666666666666,8,449.76033916666665
IND244901AAC,0,1,0,2,0.0,0.0,0,
IND263153AAB,5,6,39,32,0.007284812303731733,0.018867924528301886,9,105.52272546666666
IND244221AAA,1,1,15,14,0.006770413088725543,0.0,14,55.092245899999995
IND244301AAA,1,1,8,7,0.0012273454305656174,0.5,6,18.745411941666667
IND244412AAA,2,1,10,8,0.0012221935123875893,0.3333333333333333,7,28.933082383333343
IND244501AAA,1,1,8,10,0.000409379344454079,0.0,8,18.50252020833333
IND244601AAB,1,1,8,8,0.0004042274262760509,0.0,8,150.710262725
IND244713AAA,1,2,11,12,0.0004042274262760509,0.0,11,32.22684603333333
IND263401AAA,2,2,10,12,0.001217041594209561,0.0,10,590.0589820333333
IND244715AAA,1,1,11,11,0.0,0.0,11,37.68911374999999
IND243002AAA,0,1,0,10,0.0,0.0,0,
IND244921AAB,2,1,2,4,0.0012269491291673075,0.5,2,14.226299333333344
IND246725AAB,1,1,7,9,0.0020429337082872963,0.0,7,10.704086349999997
IND245101AAA,1,1,15,14,0.0,0.0,14,56.1103504
IND246149AAA,1,1,11,13,0.0,0.0,11,449.1849342500001
IND246174AAA,1,1,11,10,3.963013983098538e-07,0.5,0,50.83739084999999
IND246444AAB,1,1,11,11,3.963013983098538e-07,0.5,10,7.453475833333329
IND246424AAA,1,1,10,11,3.963013983098538e-07,0.5,10,909.5601270083333
IND246701AAA,1,1,9,7,0.002037781790109268,0.0,7,19.136627450000006
IND246763AAA,1,1,11,9,0.00203262987193124,0.0,9,14.492291916666673
IND246761AAA,2,1,11,11,0.002027477953753212,0.0,11,23.4304511
IND247554AAA,2,1,11,10,0.0008124178665352003,0.0,9,61.546584233333334
IND248001AAA,1,2,11,17,0.0016165134037058938,0.0,7,648.5430607833334
IND247776AAA,1,1,9,8,0.00081321046933182,0.0,6,13.001918000000003
IND251309AAB,1,1,6,9,0.0008080585511537919,0.0,6,31.488391008333323
IND248122AAB,1,1,8,9,0.0004050200290726706,0.0,8,113.15721104166666
IND248197AAA,1,0,9,0,0.0,0.0,0,34.18290328333333
IND249201AAA,1,1,12,11,0.0,0.0,9,342.67075824166665
IND251201AAA,1,0,1,0,0.0,0.0,0,301.75066418333336
IND261001AAA,1,1,14,13,1.1889041949295614e-06,0.0,13,26.8414164
IND262701AAA,1,1,14,14,1.5852055932394153e-06,0.0,14,30.612515574999996
IND261201AAB,1,0,13,0,0.0,0.0,0,26.83832015
IND262122AAB,1,1,2,4,0.0,0.5,2,173.04339169166667
IND262405AAA,1,0,2,0,0.0,0.0,0,459.45332993333335
IND262501AAA,1,1,5,8,0.0,0.5,5,22.141080116666615
IND262802AAA,1,1,15,14,1.1889041949295614e-06,0.0,14,39.83302488333331
IND262723AAB,0,1,0,15,0.0,0.0,0,
IND263002AAA,1,1,11,10,0.0012265528277689976,0.0,10,31.212048983333318
IND263645AAA,1,2,11,12,0.0012217972109892794,0.0,11,25.750430216666672
IND263139AAA,1,1,6,7,0.0,0.0,6,773.5497592
IND263601AAA,3,1,10,11,0.0012166452928112513,0.1,8,16.593227649999974
IND271001AAA,2,1,6,9,3.963013983098538e-07,0.5,0,759.608782625
IND271201AAA,1,1,6,5,3.963013983098538e-07,1.0,4,29.50101524166667
IND271210AAA,1,2,9,7,3.963013983098538e-07,0.5,6,163.6362413166667
IND272001AAA,1,1,4,2,0.0004101719472506987,0.0,2,39.474159183333335
IND272155AAA,1,0,2,0,0.0,0.0,0,21.368627125000003
IND272207AAB,1,0,3,0,0.0,0.0,0,9.174135416666665
IND272153AAC,0,1,0,3,0.0,0.0,0,
IND273155AAA,1,1,1,3,1.0700137754366053e-05,0.0,1,24.093709133333327
IND274001AAA,2,2,9,11,0.00042245729059830415,0.0,9,52.72069325
IND274301AAB,1,3,10,10,0.0012269491291673075,0.1,9,197.12137678333335
IND277303AAC,1,1,6,14,1.54557545340843e-05,0.0,6,27.370922366666676
IND273303AAA,1,1,1,1,0.0004145312626321071,0.0,1,10.381238100000004
IND273304AAA,1,1,12,1,0.0008183623875098481,0.0,1,356.16379498333333
IND274509AAB,2,1,2,8,9.907534957746346e-06,0.0,1,18.030958783333332
IND274304AAA,1,2,4,2,5.944520974647807e-06,0.0,0,25.46059611666667
IND274304AAB,2,2,9,6,0.0008199475931030876,0.1,5,28.765329033333337
IND274402AAA,2,0,3,0,0.0,0.5,0,10.915892133333315
IND275303AAA,1,1,4,4,1.347424754253503e-05,0.0,4,27.57827949166667
IND276140AAA,1,1,1,4,1.4663151737464592e-05,0.0,1,57.69741000000002
IND276128AAA,1,0,3,0,0.0,0.0,0,32.3833989
IND276305AAA,1,1,3,3,7.926027966197076e-07,0.0,3,50.45249508333332
IND276129AAA,1,1,1,1,1.5852055932394153e-05,0.0,1,867.2304789
IND277201AAA,1,1,5,4,0.0008231180042895664,0.0,2,20.00620781666663
IND277211AAA,1,1,4,6,0.00041928687941182537,0.0,0,17.821322791666667
IND281121AAB,1,0,9,0,0.0,0.0,0,25.170551716666694
IND281401AAA,2,0,8,0,0.0,0.5,0,13.604062316666663
IND321022AAA,1,1,7,6,0.0,0.5,1,26.724409649999984
IND282001AAF,1,0,12,0,0.0,0.0,0,48.73184024166667
IND283122AAB,2,1,4,12,0.00040541633047098046,0.0,4,585.7836018083333
IND281004AAA,0,1,0,1,0.0,0.0,0,
IND282005AAA,0,1,0,3,0.0,0.0,0,
IND284001AAA,1,0,5,0,0.0,0.0,0,29.07957058333335
IND284403AAA,2,1,2,5,0.0004050200290726706,0.16666666666666666,1,51.00603754166663
IND472001AAA,2,2,16,7,0.0012352714585318143,0.16666666666666666,6,231.19530752500003
IND285205AAB,1,1,4,14,0.0016196838148923726,0.0,4,51.424947183333344
IND321001AAB,2,1,4,8,0.0008171734833149186,0.3333333333333333,4,18.64187216666666
IND321606AAA,2,2,6,5,0.00040462372767436077,0.2,5,150.54355469999996
IND301019AAA,2,0,8,0,0.0,0.5,0,34.392770983333335
IND302004AAA,1,1,8,20,0.0,0.0,7,126.77203079166667
IND302014AAB,11,7,106,46,7.490096428056237e-05,0.006756756756756757,0,32.95382811666666
IND302006AAA,1,1,9,12,0.0,0.0,0,19.768789333333345
IND303702AAB,2,1,8,6,0.006118893589904143,0.16666666666666666,6,25.384441574999997
IND305001AAC,4,4,31,47,0.010097363327536765,0.09259259259259259,11,83.64679140000004
IND306401AAB,4,3,44,25,0.015928938403666264,0.15789473684210525,24,49.65666220000004
IND313001AAB,5,4,36,38,0.0184078036500944,0.07142857142857142,15,117.9887809833333
IND302006AAC,0,1,0,15,0.0,0.0,0,
IND302020AAA,1,1,13,13,0.0,0.0,0,18.121187816666662
IND302023AAA,0,1,0,12,0.0,0.0,0,
IND302026AAA,1,1,2,13,0.0,0.0,0,257.43150742499995
IND303008AAB,1,1,5,5,4.359315381408392e-06,0.0,5,30.507288250000002
IND303301AAB,1,1,10,8,0.0,0.5,8,5.127360849999999
IND303303AAA,1,2,13,11,2.1400275508732105e-05,0.16666666666666666,11,8.992766399999994
IND303603AAB,2,2,6,6,1.2285343347605469e-05,0.0,6,22.558869966666663
IND303901AAA,1,1,2,6,5.548219576337954e-06,0.0,2,14.695107933333333
IND303002AAA,1,1,7,6,0.0008100400581453412,0.5,6,9.250139916666669
IND303338AAB,1,2,5,6,6.340822372957661e-06,0.0,5,18.936999349999994
IND303106AAA,2,1,7,6,0.00040541633047098046,0.16666666666666666,2,21.953105883333336
IND303108AAB,1,0,6,0,0.0,0.0,0,18.750282733333336
IND322230AAA,1,1,13,13,2.2985481101971522e-05,0.0,13,15.550972983333331
IND303503AAA,1,1,8,9,2.7741097881689767e-05,0.5,8,9.398593366666674
IND332001AAB,6,3,25,12,0.006513609782620757,0.041666666666666664,9,49.1584463333333
IND332404AAA,1,1,7,5,0.006113741671726115,0.5,5,21.49640848333334
IND304001AAA,0,1,0,2,0.0,0.0,0,
IND305802AAA,1,1,4,6,0.0016351395694264568,0.0,2,20.13892475833334
IND305901AAA,1,1,4,12,0.0024491426415548965,0.5,4,58.296677341666665
IND342602AAC,2,2,3,5,0.0024439907233768684,0.16666666666666666,3,20.413952766666654
IND305404AAA,1,1,9,4,0.002828403079737427,0.0,4,20.753215600000004
IND305601AAC,1,1,13,9,0.002823251161559399,0.0,8,20.490468016666668
IND305624AAA,1,2,4,6,0.002833554997915455,0.0,1,35.74388085000001
IND341512AAA,1,1,3,4,0.0016299876512484287,0.0,3,12.811187566666668
IND306116AAA,1,0,2,0,0.0,0.0,0,20.639009283333323
IND306001AAA,0,1,0,2,0.0,0.0,0,
IND306304AAB,1,1,1,1,0.0,0.5,1,9.482770366666685
IND311302AAA,1,2,3,3,0.0024336868870208123,0.16666666666666666,1,15.49043843333331
IND342005AAD,4,2,15,25,0.005277545721292323,0.1,12,164.0261018333333
IND343001AAA,1,1,2,3,0.0012305158417520961,0.0,1,21.789097391666665
IND307001AAA,1,1,1,2,0.0004109645500473184,0.0,1,22.942212633333327
IND306902AAA,0,1,0,1,0.0,0.0,0,
IND311001AAA,1,2,5,14,0.002019948227185325,0.3333333333333333,4,2.1045462666666594
IND313324AAA,1,1,14,5,0.002014796309007297,0.5,5,31.20211268333334
IND311301AAA,1,0,3,0,0.0,0.0,0,16.20082796666665
IND312001AAA,2,2,17,16,0.00325323817872559,0.08333333333333333,12,35.04766123333334
IND312601AAA,1,1,4,4,0.0008183623875098481,0.0,4,10.149948866666666
IND312403AAA,1,1,3,3,0.0008080585511537919,0.0,3,29.102509749999996
IND458664AAA,1,1,3,4,0.00081321046933182,0.0,2,23.057864350000045
IND312605AAB,2,2,12,6,0.0020294594607447613,0.16666666666666666,0,38.38227438333334
IND458001AAB,1,1,6,7,0.000409379344454079,0.5,6,18.368928508333337
IND327001AAB,1,1,1,4,0.001225760224972378,0.5,1,11.123584966666684
IND321001AAA,2,2,8,5,0.0008136067707301299,0.3333333333333333,4,14.17291370833333
IND321401AAB,0,2,0,7,0.0,0.5,0,
IND321408AAB,1,0,3,0,0.0,0.0,0,32.39941705
IND322201AAA,2,1,10,12,2.615589228845035e-05,0.16666666666666666,10,12.12927994166667
IND322241AAA,1,1,12,13,2.4570686695210938e-05,0.0,12,24.289994774999997
IND331022A1B,1,0,1,0,0.0,0.0,0,0.7687639166666713
IND331001A1C,0,1,0,1,0.0,0.0,0,
IND331304AAA,1,0,2,0,0.0,0.0,0,46.85306061666668
IND331507AAA,1,0,3,0,0.0,0.0,0,15.735379033333288
IND331701AAA,1,1,1,1,0.0004050200290726706,0.0,0,280.0153644833333
IND333001AAA,1,1,1,1,0.0008203438945013974,0.5,1,14.359831116666655
IND333028AAA,1,2,1,3,0.00041056824864900855,0.16666666666666666,0,0.9876091666666653
IND333031AAA,1,2,2,10,0.00041056824864900855,0.16666666666666666,2,19.747638816666658
IND333042AAA,1,1,8,11,0.0008203438945013974,0.5,8,19.512333291666664
IND334001AAB,1,1,2,7,0.0,0.0,1,19.307795608333343
IND334001AAC,2,1,4,2,0.0036376505350861482,0.16666666666666666,1,14.628024708333328
IND332713AAA,2,1,3,1,7.926027966197076e-07,0.0,1,23.466156633333327
IND332709AAA,0,1,0,2,0.0,0.0,0,
IND332715AAB,0,1,0,1,0.0,0.0,0,
IND333502AAA,0,1,0,1,0.0,0.0,0,
IND331023AAA,0,1,0,2,0.0,0.0,0,
IND333504AAA,1,0,1,0,0.0,0.0,0,0.7415478000000064
IND334803AAA,1,2,3,5,0.0004042274262760509,0.16666666666666666,2,11.495556699999995
IND341001AAC,2,2,5,4,0.004031970426404453,0.16666666666666666,2,38.454500516666656
IND335001AAA,1,1,6,6,0.0028204770517712297,0.0,5,41.75122475833332
IND335051AAA,1,1,5,2,0.0016145318967143445,0.0,2,76.60008183333332
IND335501AAA,1,0,1,0,0.0,0.0,0,24.875644283333337
IND335803AAA,1,1,2,4,0.0016351395694264568,0.5,2,5.970684425000002
IND335804AAD,2,2,6,3,0.0016299876512484287,0.16666666666666666,2,23.6101015
IND335701AAA,1,2,2,6,0.0016196838148923726,0.16666666666666666,2,17.17303612500001
IND335703AAA,1,1,4,4,0.0016248357330704006,0.5,4,11.787106350000002
IND341030AAA,1,1,2,1,0.004026818508226425,0.5,1,7.427562016666663
IND341303AAA,1,2,8,6,0.0040216665900483966,0.16666666666666666,3,20.603848975000002
IND341306AAA,1,1,3,8,0.004016514671870369,0.0,2,36.21992631666666
IND341503AAB,1,1,7,6,0.0,0.5,6,30.26969679999999
IND341510AAB,1,2,8,8,0.0016145318967143445,0.16666666666666666,6,193.56048095833336
IND341505AAA,2,1,7,3,0.0016248357330704006,0.16666666666666666,1,40.61961278333331
IND342601AAA,2,1,6,6,0.000409379344454079,0.3333333333333333,6,10.690303549999989
IND342902A1B,1,2,6,4,0.0024087198989272917,0.16666666666666666,4,74.48468909166667
IND342902AAA,1,2,5,8,0.000403831124877741,0.16666666666666666,4,85.02861246666669
IND344022AAB,2,1,5,3,0.0016351395694264568,0.3333333333333333,2,18.273165666666642
IND342301AAA,1,4,10,11,0.0016145318967143445,0.25,9,56.787457225000026
IND343029AAB,1,1,2,2,0.0008211364972980171,0.0,2,14.890765608333332
IND344001AAA,3,1,10,4,0.0016299876512484287,0.3333333333333333,4,16.087501983333325
IND345001AAA,2,1,5,6,0.0016248357330704006,0.5,5,12.264417266666683
IND345021AAA,1,2,6,5,0.0016196838148923726,0.5,5,20.220700583333333
IND360003AAA,1,0,2,0,0.0,0.0,0,43.580912375
IND360311AAA,1,1,1,2,3.963013983098538e-07,0.0,1,7.334472850000012
IND360050AAA,0,1,0,1,0.0,0.0,0,
IND360370AAA,1,1,1,8,8.32232936450693e-06,0.0,1,5.004496900000007
IND360410AAA,1,1,1,1,8.32232936450693e-06,0.0,1,5.602908233333331
IND360490AAA,1,1,7,1,8.32232936450693e-06,0.0,0,16.390294266666658
IND362001AAA,4,3,26,26,4.3989455212393776e-05,0.0,0,24.401142824999994
IND360510AAB,1,1,8,8,8.32232936450693e-06,0.0,5,11.89614534999999
IND360530AAB,1,1,11,8,8.32232936450693e-06,0.0,7,16.405135416666667
IND360575AAA,1,1,8,7,8.32232936450693e-06,0.0,4,17.298486533333318
IND361001AAA,1,0,9,0,0.0,0.0,0,33.87123911666666
IND361305AAC,1,1,8,9,1.1889041949295614e-06,0.0,8,4.831471483333335
IND361315AAA,1,1,9,8,1.5852055932394153e-06,0.0,8,3.304327166666667
IND361335AAA,1,1,1,9,1.1889041949295614e-06,0.0,0,33.38106216666671
IND360002AAB,0,3,0,4,0.0,0.16666666666666666,0,
IND362220AAA,1,1,5,10,4.359315381408392e-06,0.0,5,14.551039866666663
IND362265AAA,1,2,11,6,1.783356292394342e-05,0.0,5,18.35115466666666
IND362150AAA,1,1,8,8,1.783356292394342e-05,0.0,8,6.927887883333341
IND362225AAA,1,1,5,5,4.359315381408392e-06,0.0,5,4.6855303500000005
IND362720AAA,1,1,12,11,1.783356292394342e-05,0.0,11,13.250266341666666
IND362560AAA,1,1,8,12,1.783356292394342e-05,0.0,8,12.564756175
IND363001AAA,1,1,9,8,7.926027966197076e-07,0.0,7,17.473828249999997
IND363421AAB,1,1,9,9,7.926027966197076e-07,0.0,9,18.145974366666664
IND363310AAB,1,2,9,8,0.0020195519257870153,0.3333333333333333,8,4.462581616666682
IND363330AAB,1,1,7,7,0.0020247038439650433,0.5,7,21.422995166666666
IND364710AAA,0,1,0,9,0.0,0.0,0,
IND363520AAC,1,0,8,0,0.0,0.0,0,32.96367033333333
IND363621AAB,1,1,2,3,3.963013983098538e-07,0.5,2,14.639575991666664
IND363641AAA,2,0,4,0,0.0,0.5,0,19.952916
IND364004AAB,1,1,5,11,0.0012305158417520961,0.0,0,89.13443598333333
IND365560AAA,1,1,5,5,0.0008211364972980171,0.0,3,20.097481216666694
IND365560AAB,1,1,7,5,0.0004109645500473184,0.0,3,22.42426563333332
IND364290AAA,0,1,0,7,0.0,0.0,0,
IND370001AAA,3,2,12,13,0.0008108326609419609,0.25,9,19.528293841666645
IND370110AAA,2,1,11,5,0.0,1.0,1,14.156664966666668
IND370201AAA,2,2,8,13,0.0020298557621430714,0.16666666666666666,0,84.64322082500001
IND370615AAB,1,2,3,7,0.0,1.0,3,30.179568783333366
IND380005AAA,3,1,8,23,0.0008183623875098481,0.5,7,22.77222650000001
IND382421AAA,2,1,19,5,0.000409379344454079,0.6666666666666666,5,21.315628416666662
IND382721AAA,1,2,9,11,0.0004042274262760509,0.6666666666666666,9,21.18667283333332
IND380006AAA,1,0,9,0,0.0,0.0,0,26.25844236666667
IND380006AAB,1,0,15,0,0.0,0.0,0,22.20325633333333
IND380021AAA,1,0,21,0,0.0,0.0,0,40.346452299999996
IND380054AAA,1,1,14,26,0.0,0.0,14,25.720218425000002
IND380015AAB,0,1,0,23,0.0,0.0,0,
IND382345AAA,0,1,0,24,0.0,0.0,0,
IND384205AAA,5,5,33,37,0.008501061295144675,0.045454545454545456,0,22.88300856666666
IND388320AAA,3,4,13,38,0.014908858604416701,0.1,5,32.28703805000001
IND389001AAA,1,1,15,15,0.0008203438945013974,0.0,15,28.192770049999993
IND395023AAA,8,7,71,62,0.020897963486374366,0.175,36,181.2977479333333
IND382715AAA,1,1,12,12,0.004402908535222476,0.5,12,13.752184333333346
IND383001AAA,1,1,8,8,0.0008183623875098481,0.0,7,14.472000483333332
IND383315AAC,1,1,8,8,0.00081321046933182,0.0,6,4.539734666666675
IND383255AAB,1,1,7,8,0.0008080585511537919,0.0,6,83.63502938333332
IND384170AAA,1,1,7,4,0.0012269491291673075,0.0,2,6.569339999999997
IND384265AAB,2,1,8,7,0.0012217972109892794,0.16666666666666666,6,13.421695825
IND384355AAB,2,1,9,8,0.0008183623875098481,0.5,8,3.223915183333318
IND385001AAA,1,2,10,9,0.000409379344454079,0.5,8,17.263655358333335
IND385320AAA,1,1,12,7,0.0012166452928112513,0.5,7,7.033945241666668
IND385340AAB,1,2,4,13,0.0012114933746332232,0.16666666666666666,4,162.00632813333334
IND385535AAA,1,1,12,10,0.0004042274262760509,0.5,10,157.87391536666667
IND387001AAA,1,1,9,6,0.000409379344454079,0.5,5,33.344282766666666
IND388220AAA,1,1,9,9,0.0004042274262760509,0.5,8,35.75399045
IND388121AAA,1,1,6,1,0.000409379344454079,0.5,1,27.583389616666658
IND388620AAB,1,1,8,6,0.0004042274262760509,0.5,6,24.93147217499999
IND389151AAA,1,1,8,15,0.00041056824864900855,0.0,8,28.86606406666666
IND457661AAA,0,1,0,8,0.0,0.0,0,
IND390020AAA,2,1,3,1,0.000409379344454079,0.5,0,22.71012876666667
IND391110AAD,1,1,1,2,0.0,1.0,1,230.17947626666665
IND395001AAA,1,1,9,7,0.0,0.0,0,39.19593278333329
IND395023AAD,5,5,41,28,1.9418768517182838e-05,0.0,0,46.56915723333333
IND395004AAB,1,1,3,10,0.0,0.0,0,11.347507000000007
IND395006AAA,1,1,3,14,0.0,0.0,1,49.93470871666665
IND395009AAA,1,1,9,4,0.0,0.0,0,62.25546368333332
IND395010AAB,1,0,1,0,0.0,0.0,0,63.06424656666667
IND394221AAA,0,1,0,2,0.0,0.0,0,
IND396191AAC,4,3,21,21,0.010721538029874786,0.1111111111111111,8,46.908621533333346
IND396445AAA,1,1,6,6,6.737123771267515e-06,0.0,6,53.83942960833334
IND396001AAA,1,1,4,6,6.737123771267515e-06,0.0,4,973.70729635
IND396105AAA,1,1,1,1,0.0,0.0,1,142.11598391666666
IND396191AAB,1,0,2,0,0.0,0.0,0,93.8325916833333
IND396232AAA,1,1,10,11,0.0,0.0,0,20.36611204166666
IND396321AAA,2,2,17,10,9.907534957746346e-06,0.0,6,39.211553800000004
IND396580AAB,1,1,4,11,0.0,0.0,4,257.78210305
IND400011AAA,2,2,45,13,0.0008128141679335102,0.0,0,40.041308616666655
IND400072AAD,1,3,63,56,0.00036618249203830496,0.0,0,104.8508966
IND400015AAA,2,3,25,68,0.00040462372767436077,0.5,0,79.99921833333337
IND400015AAB,2,1,19,16,0.0,1.0,1,79.25463651666666
IND400016AAA,1,0,1,0,0.0,0.0,0,64.06903018333334
IND400016AAB,2,0,11,0,0.0,0.0,0,57.28873711666668
IND400037AAA,1,1,7,2,0.0,0.0,0,57.562235083333334
IND400072AAJ,1,2,2,28,0.0004101719472506987,0.0,0,79.2145235
IND400064AAB,2,0,15,0,0.0,0.0,0,43.031968500000005
IND400072AAA,1,1,1,15,0.0,0.0,1,218.30099719999998
IND400701AAB,1,2,13,17,0.0,1.0,3,142.4220961
IND401104AAA,4,4,59,119,0.0012229861151842089,0.2,6,63.28499901666663
IND421302AAR,4,5,36,38,0.0016458397071808229,0.0,0,58.380157049999994
IND421302AAS,0,1,0,1,0.0,0.0,0,
IND400072AAC,1,0,12,0,0.0,0.0,0,66.883466575
IND400072AAI,1,0,1,0,0.0,0.0,0,1280.0496547166665
IND000000AFS,0,1,0,1,0.0,0.0,0,
IND400102AAB,1,1,11,22,0.0,0.0,1,65.12440430000001
IND400102AAC,2,1,25,39,0.00040977564585238885,0.0,1,56.10285263333333
IND400052AAA,0,1,0,6,0.0,0.0,0,
IND400612AAA,1,1,6,10,0.0,0.0,1,120.30983874166667
IND400705AAA,1,0,10,0,0.0,0.0,0,97.52721874166667
IND421302AAH,0,2,0,24,0.0,0.0,0,
IND401208AAA,0,1,0,23,0.0,0.0,0,
IND401209AAA,1,1,15,1,0.0,0.0,1,28.541592766666668
IND401104AAB,2,1,20,4,0.0,1.0,0,61.740821458333336
IND401209AAB,3,0,23,0,0.0,0.3333333333333333,0,44.94358631666668
IND401501AAA,1,1,10,10,0.0,0.0,0,53.199033466666656
IND401602AAA,1,1,10,10,0.0,0.0,9,33.4247139
IND402107AAA,1,1,11,8,3.963013983098538e-07,0.5,0,20.321182399999998
IND402109AAA,1,1,13,11,3.963013983098538e-07,0.5,11,6.066652116666674
IND402301AAA,1,1,8,13,3.963013983098538e-07,0.5,7,28.221221966666647
IND403401AAA,1,1,2,5,0.0,0.0,2,121.870025
IND403726AAB,5,4,19,9,6.340822372957661e-06,0.0,0,162.97816905
IND403507AAA,1,1,3,5,0.0,0.0,3,421.8454314333333
IND403507AAB,1,1,1,1,0.0,0.0,1,179.9959295
IND403601AAA,1,1,3,5,0.0,0.0,3,499.8579168499999
IND403702AAA,1,1,8,8,0.0,0.5,8,67.61389845000002
IND575004AAB,7,6,25,31,0.014643732968947408,0.038461538461538464,5,65.26326503333333
IND403726AAA,6,4,42,43,0.016523390501131045,0.056818181818181816,0,92.97753266666666
IND416510AAA,2,2,14,8,0.001222589813785899,0.0,4,20.19022010833335
IND581303AAA,2,1,14,13,0.0012305158417520961,0.3333333333333333,13,15.750215050000001
IND581400AAB,1,2,12,13,0.0,0.3333333333333333,12,13.279206191666667
IND403002AAA,0,1,0,3,0.0,0.0,0,
IND410401AAA,1,1,9,11,0.0,0.0,9,37.46021431666668
IND410501AAF,1,1,2,3,0.0004042274262760509,0.5,2,60.217597475000005
IND410505AAB,1,1,3,4,0.000409379344454079,0.5,3,28.327123016666675
IND411014AAA,3,3,15,34,0.00162642093866364,0.0,0,49.565066516666676
IND411043AAA,1,1,2,3,0.0,0.0,2,27.66682437499999
IND411048AAA,1,1,1,2,0.0,0.0,1,64.11122209999999
IND411017AAA,1,1,1,23,0.0,0.0,0,4.871418516666672
IND412105AAC,1,1,23,1,0.0,0.0,0,27.01509863333333
IND411021AAA,1,1,21,23,0.0,0.0,0,34.77361445
IND411036AAA,1,1,21,24,0.0,0.0,0,116.31038683333333
IND413002AAA,4,5,38,39,0.003654691495213472,0.21212121212121213,33,49.92389966666667
IND413501AAA,2,2,15,15,0.0013624842073892774,0.4,15,43.90857853333334
IND414001AAA,3,1,3,3,0.0012269491291673075,0.3,2,50.21987010000001
IND416012AAA,5,5,38,41,0.03157808802012577,0.07777777777777778,12,67.822947375
IND431136AAC,5,5,45,35,0.005676224927992036,0.047619047619047616,1,248.8469809666666
IND431603AAA,4,4,20,19,0.004877677610397681,0.07407407407407407,0,64.84699784166668
IND580028AAA,7,8,58,48,0.014899743672255574,0.05825242718446602,14,359.92231227499997
IND412210AAC,1,1,2,1,0.0012114933746332232,0.5,1,25.98081194166666
IND412803AAB,1,1,2,7,0.000409379344454079,0.0,2,7.602640008333335
IND421802AAA,1,1,7,2,0.0004042274262760509,0.0,2,145.8866440333333
IND413304AAA,2,2,5,5,0.0016260246372653301,0.1,2,7.92497315
IND415301AAB,1,1,2,2,0.000409379344454079,0.5,2,22.070461066666674
IND413307AAB,1,1,1,2,0.0004042274262760509,0.5,0,19.87543515
IND413307AAC,1,0,1,0,0.0,0.0,0,11.72848213333333
IND413401AAA,1,1,12,14,0.0013573322892112493,1.0,12,40.309083758333315
IND413517AAA,2,2,3,5,0.00081321046933182,0.4,3,62.06660318333334
IND431717AAA,1,1,2,2,0.0,1.0,2,335.73326245
IND413531AAA,1,1,4,4,0.0,1.0,4,12.648004758333329
IND413709AAA,2,2,12,9,0.0008084548525521018,0.16666666666666666,9,26.47604914166667
IND423109AAA,1,2,10,12,0.0008171734833149186,0.16666666666666666,10,20.796218341666666
IND423701AAB,1,2,12,10,0.0020159852132022264,0.16666666666666666,10,29.719629458333316
IND414203AAB,1,1,1,1,0.0,0.5,1,22.970905399999992
IND414302AAB,2,2,3,2,0.0012166452928112513,0.3333333333333333,2,130.25092566666666
IND414502AAA,1,1,7,7,0.0012166452928112513,0.0,6,20.817555149999997
IND431107AAB,1,1,6,7,0.0012114933746332232,0.0,6,23.816676883333344
IND415003AAA,2,1,9,8,0.02210172898374055,0.16666666666666666,8,43.51806174999999
IND415124AAA,1,1,11,9,0.0012217972109892794,0.0,9,18.89619616666667
IND415605AAA,1,1,11,11,0.0012166452928112513,0.0,10,18.904035633333322
IND415408AAC,1,1,7,5,0.0004042274262760509,0.5,4,223.87584016666665
IND415409AAB,1,1,9,2,0.0012269491291673075,0.0,2,5.770151550000001
IND415709AAA,1,1,4,11,0.0012114933746332232,0.0,3,256.5476799416667
IND415612AAA,1,1,5,7,0.000409379344454079,0.5,5,22.598711966666627
IND591237AAB,1,1,1,8,0.0020433300096856064,0.0,1,13.262827483333332
IND416404AAA,1,2,5,6,0.002017570418795466,0.0,3,128.51156586666673
IND416602AAC,1,1,7,6,0.000807662249755482,0.0,6,50.75334688333339
IND416606AAA,1,1,4,8,0.0,0.0,2,85.14508103333321
IND421301AAA,1,1,7,10,0.0,0.0,0,111.88039458333333
IND421302AAF,1,1,5,1,0.0,0.0,1,114.35423853333333
IND421401AAC,1,1,6,6,0.000409379344454079,0.5,4,20.972778183333336
IND422011AAD,3,2,24,26,0.004862618157261907,0.0,14,209.68700252499997
IND444005AAB,3,3,20,32,0.004458787032384165,0.03571428571428571,13,83.34179646666684
IND421302AAN,1,0,12,0,0.0,0.0,0,64.531903325
IND421004AAA,0,1,0,15,0.0,0.0,0,
IND421601AAB,1,1,9,6,0.0004042274262760509,0.5,6,38.85871571666668
IND421502AAA,1,0,9,0,0.0,0.0,0,33.63743111666666
IND422103AAC,1,1,7,8,0.0008175697847132284,0.0,7,17.75309491666667
IND422605AAA,1,1,7,7,0.0008124178665352003,0.0,7,17.496815883333326
IND423105AAA,2,2,6,7,4.359315381408392e-06,0.2,6,16.660315691666668
IND423106AAA,1,2,6,4,7.926027966197077e-06,0.5,3,19.50690420833334
IND423301AAB,0,1,0,5,0.0,0.0,0,
IND423601AAA,2,1,10,10,0.0008120215651368905,0.3333333333333333,9,31.12546825000001
IND424006AAA,9,5,24,19,0.003288509003175167,0.07303370786516854,7,23.910745549999987
IND424101AAA,1,1,1,2,3.963013983098538e-06,0.0,1,27.414803366666675
IND424304AAC,2,3,6,6,0.0,0.625,6,9.169719291666674
IND425401AAA,1,1,1,1,5.944520974647807e-06,0.0,1,40.28524999999999
IND425405AAA,2,2,9,5,1.981506991549269e-06,0.4,1,18.95956271666668
IND425412AAA,3,4,10,9,4.359315381408392e-06,0.5,8,7.324737316666663
IND452001AAC,1,2,5,8,1.3077946144225176e-05,0.0,0,37.82126708333334
IND431103AAA,0,1,0,1,0.0,0.0,0,
IND424201AAA,1,1,1,1,0.0008223254014929467,0.0,1,14.127385249999975
IND425109AAA,1,1,1,1,0.00041413496123379723,0.0,1,5.99114745
IND425201AAA,1,1,5,5,9.114932161126638e-06,0.0,4,21.514426133333316
IND425508AAB,1,1,10,5,5.1519181780281e-06,0.0,5,7.736892824999998
IND425409AAA,4,3,9,9,0.0012317047459470256,0.5263157894736842,9,9.378413766666668
IND425406AAA,3,2,5,8,1.1889041949295614e-06,0.625,3,1.1825665833333332
IND450331AAA,1,1,7,10,1.1889041949295614e-06,0.0,7,16.629596099999986
IND431001AAB,1,0,11,0,0.0,0.0,0,68.12768156666668
IND431112AAB,1,2,5,6,0.0,1.0,5,9.710281449999997
IND431122AAA,1,1,7,9,0.0012269491291673075,0.0,7,41.687704933333336
IND431127AAA,1,1,7,7,0.0012217972109892794,0.0,7,22.030719533333354
IND431131AAB,1,0,1,0,0.0,0.0,0,59.25979913333322
IND431001AAA,0,1,0,13,0.0,0.0,0,
IND431203AAA,2,1,6,9,0.0002046896722270395,1.0,6,48.49021530000001
IND431514AAA,1,1,15,15,0.003229063793428689,0.0,15,23.186702466666674
IND431515AAA,1,1,13,15,0.003223911875250661,0.0,13,27.8731521
IND431517AAB,1,1,12,13,0.003218759957072633,0.0,11,39.548387908333325
IND431401AAA,0,1,0,1,0.0,0.0,0,
IND431708AAA,1,1,15,14,0.003234215711606717,0.0,14,12.363202166666667
IND441206AAB,1,0,5,0,0.0,0.0,0,16.855801833333373
IND442605AAA,1,1,3,5,3.963013983098538e-07,0.0,3,18.218846
IND441614AAA,1,0,9,0,0.0,0.0,0,26.298270316666674
IND481001AAA,0,1,0,9,0.0,0.0,0,
IND441904AAB,1,0,12,0,0.0,0.0,0,21.945366383333337
IND441912AAA,1,1,11,12,3.963013983098538e-07,0.0,11,30.036248416666666
IND441107AAB,0,1,0,11,0.0,0.0,0,
IND442001AAA,1,0,4,0,0.0,0.0,0,18.36518888333333
IND442101AAB,1,1,11,4,3.963013983098538e-07,0.0,3,15.826251266666674
IND445001AAB,0,1,0,11,0.0,0.0,0,
IND441603AAA,0,1,0,3,0.0,0.0,0,
IND443201AAA,1,1,1,2,0.0016299876512484287,0.0,1,36.180918916666656
IND443301AAA,1,1,2,5,0.0016351395694264568,0.0,1,41.36183780833334
IND444602AAA,1,0,14,0,0.0,0.0,0,66.4534968
IND451666AAA,2,0,8,0,0.0,0.5,0,34.66244185833334
IND454001AAA,1,0,13,0,0.0,0.0,0,34.43268818333334
IND457001AAA,2,1,13,13,0.00040541633047098046,0.16666666666666666,11,45.43193418333328
IND457226AAA,1,1,11,11,0.0,0.5,11,45.528219733333344
IND458990AAA,1,1,5,6,0.0004042274262760509,0.5,5,280.9009953833333
IND460001AAA,1,1,14,13,7.926027966197076e-07,0.0,13,21.37469535000001
IND480334AAA,1,1,14,14,7.926027966197076e-07,0.0,14,25.908165241666666
IND461111AAA,1,0,13,0,0.0,0.0,0,16.924631566666648
IND462001AAA,1,2,16,3,0.00040462372767436077,0.0,2,26.642560858333333
IND462011AAA,1,1,10,19,0.0,0.0,7,11.104863866666669
IND462021AAA,1,0,1,0,0.0,0.0,0,6.962314166666658
IND461001AAA,0,1,0,2,0.0,0.0,0,
IND462042AAA,1,1,5,1,0.0,0.0,0,23.199809000000002
IND465669AAB,1,1,11,10,0.0016351395694264568,0.0,10,23.970955149999995
IND466001AAA,1,1,9,8,0.000409379344454079,0.5,8,9.36415758333333
IND842003AAB,8,5,25,16,0.011724973170395335,0.025974025974025976,0,52.34176591666666
IND464001AAA,1,0,1,0,0.0,0.0,0,18.154655950000006
IND464221AAA,1,1,1,1,0.00040660523466591,0.0,1,28.08483258333331
IND470004AAA,2,1,2,1,0.0008124178665352003,0.0,1,153.05983246666668
IND464668AAA,1,1,2,4,0.006384415526771745,0.0,0,14.159647791666643
IND465001AAA,3,1,9,13,0.0016248357330704006,0.25,9,37.230865366666706
IND465333A1B,2,1,2,2,0.0012103044704382935,0.5,2,27.829322758333326
IND465333AAA,1,2,3,4,0.0,0.5,3,413.00090969999997
IND465683AAA,1,1,13,11,0.0016299876512484287,0.0,10,7.473452133333325
IND466116AAA,1,1,9,9,0.0004042274262760509,0.5,8,87.20000449999998
IND470113AAA,1,2,2,5,3.1704111864788306e-06,0.0,2,14.056333208333335
IND470117AAA,1,1,3,2,1.981506991549269e-06,0.0,1,19.54026858333333
IND470227AAB,0,1,0,3,0.0,0.0,0,
IND471001AAA,1,2,6,10,0.0012301195403537862,0.3333333333333333,3,29.28551192500001
IND473001AAA,1,1,8,8,3.963013983098538e-07,0.5,8,21.19686698333333
IND473331AAA,1,1,12,8,0.00040541633047098046,0.5,8,917.9709602083335
IND473226AAA,2,1,15,12,0.000810436359543651,0.16666666666666666,0,35.276359166666666
IND473443AAA,1,0,4,0,0.0,0.0,0,4.708934966666668
IND473551AAA,0,1,0,1,0.0,0.0,0,
IND475661AAB,0,1,0,1,0.0,0.0,0,
IND476001AAA,0,1,0,1,0.0,0.0,0,
IND476111AAA,2,1,5,6,0.000818758688908158,0.3333333333333333,1,9.78410133333334
IND477001AAA,1,1,1,4,0.000403831124877741,0.5,1,493.76523698333335
IND477001AAB,1,1,7,1,0.0,0.5,1,433.4470007333333
IND480001AAA,2,2,8,7,0.0,0.4,5,16.483298500000004
IND480661AAA,2,3,5,9,0.0012166452928112513,0.3333333333333333,5,7.00438088333334
IND481661AAA,1,2,5,5,0.0012110970732349133,0.5,5,135.75344095000003
IND480106AAA,0,1,0,14,0.0,0.0,0,
IND480886AAA,2,1,7,7,0.0012265528277689976,0.5,7,3.5253682166666636
IND482002AAA,1,1,2,2,0.0,0.0,0,337.28273972499994
IND483225AAA,1,1,2,2,0.0008183623875098481,0.5,2,1.834637866666661
IND483501AAA,1,2,1,10,0.00081321046933182,0.3333333333333333,1,24.71937151666664
IND483770AAA,1,1,2,1,0.0008080585511537919,0.5,1,367.83847689999993
IND484001AAA,2,2,5,3,0.0016256283358670204,0.08333333333333333,2,24.910527416666667
IND484224AAA,0,1,0,2,0.0,0.0,0,
IND484446AAA,1,1,2,3,0.0012103044704382935,0.0,2,178.09634602499997
IND484551AAA,1,1,1,1,0.0,0.5,1,3.362681000000002
IND484661AAE,2,1,3,1,0.0016359321722230766,0.16666666666666666,1,3.616205083333341
IND485771AAA,2,1,2,3,0.0012459715962861804,0.5,2,20.68737266666666
IND486001AAA,1,2,2,3,0.0012408196781081523,0.5,2,46.85074964999997
IND486771AAA,1,3,6,8,0.0012356677599301242,0.25,5,10.929291591666669
IND488001AAA,1,1,3,2,0.0012352714585318143,0.5,2,14.516257866666663
IND486661AAA,1,1,5,6,0.0012305158417520961,0.0,2,303.7327754999999
IND486889AAA,2,1,7,7,3.1704111864788306e-06,0.16666666666666666,7,39.47869195000004
IND487001AAA,1,1,3,1,0.0,0.0,0,3.9466010666666733
IND487551AAA,1,2,4,5,0.006389567444949773,0.0,3,21.031270441666663
IND487001AAB,1,1,2,3,0.005990095635453441,0.0,0,10.791619333333337
IND492001AAB,1,0,6,0,0.0,0.0,0,225.95390185000002
IND492007AAA,0,1,0,6,0.0,0.0,0,
IND493118AAC,1,0,8,0,0.0,0.0,0,17.888779649999996
IND495334AAB,1,1,8,8,3.963013983098538e-07,0.0,6,12.127565299999993
IND494334AAB,1,0,9,0,0.0,0.0,0,23.98164668333331
IND493445AAB,0,1,0,9,0.0,0.0,0,
IND495004AAA,1,0,1,0,0.0,0.0,0,5.762287366666683
IND495671AAA,0,1,0,1,0.0,0.0,0,
IND491995AAB,0,1,0,8,0.0,0.0,0,
IND495677AAA,1,0,5,0,0.0,0.0,0,52.7587054
IND496001AAA,0,1,0,5,0.0,0.0,0,
IND500008AAC,2,1,10,14,0.00040977564585238885,0.0,0,55.909951983333336
IND500084AAB,0,1,0,1,0.0,0.0,0,
IND500008AAD,1,0,5,0,0.0,0.0,0,255.5159539
IND500008AAF,1,0,13,0,0.0,0.0,0,77.88336303333332
IND500039AAC,4,5,24,32,0.004864599664253456,0.014705882352941176,0,33.96365066666667
IND500010AAA,2,3,7,21,0.0020294594607447613,0.125,0,286.1795365166666
IND500055AAA,2,1,2,1,0.00040898304305576915,0.5,0,65.91345025833333
IND500010AAB,1,1,23,22,0.0,0.0,0,152.68573730000003
IND500018AAA,1,0,4,0,0.0,0.0,0,49.794522783333335
IND500080AAB,1,2,16,21,0.00040462372767436077,0.0,0,109.8693253
IND500032AAA,1,0,4,0,0.0,0.0,0,15.046193333333335
IND502295AAA,1,1,2,4,0.0004050200290726706,0.0,2,5.895311049999993
IND500035AAA,1,1,1,2,0.0,0.0,1,19.403431716666667
IND500039AAB,1,0,1,0,0.0,0.0,0,9.792242700000003
IND501301AAC,1,1,1,1,0.0004050200290726706,0.0,1,32.92104685
IND500035AAD,0,1,0,5,0.0,0.0,0,
IND508116AAA,2,1,10,8,0.0008183623875098481,0.3333333333333333,8,8.52432665833333
IND500039AAD,1,1,8,6,0.0,0.0,0,266.55850649166666
IND500050AAA,2,2,21,16,0.0008092474553487215,0.2,3,112.2984861833333
IND501218AAC,0,2,0,4,0.0,1.0,0,
IND501401AAC,1,2,10,10,0.00040462372767436077,0.3333333333333333,8,27.051587141666673
IND500055AAC,1,0,9,0,0.0,0.0,0,29.70445026666666
IND501101AAB,2,1,5,4,0.00081321046933182,0.3333333333333333,4,13.900763683333324
IND509216AAC,1,1,6,4,0.0,0.5,4,104.47671274999999
IND501141AAA,1,1,4,7,0.0008183623875098481,0.5,4,30.57351778333333
IND503111AAC,3,3,29,9,0.004056144811701354,0.3076923076923077,3,44.3163457666667
IND505001AAB,7,8,15,30,0.008506213213322702,0.075,3,55.323749616666674
IND506002AAA,3,3,25,28,0.006897229536184696,0.0,10,119.19980248333334
IND508252AAB,1,1,6,7,0.004819025003447822,0.0,6,1.0055960583333388
IND509001AAA,1,1,14,13,0.0008183623875098481,0.0,13,26.854235191666668
IND509358AAA,2,1,12,12,0.0012269491291673075,0.16666666666666666,11,20.322143416666677
IND515004AAA,4,4,41,41,0.017825636895977225,0.15384615384615385,16,82.70313036666658
IND518002AAA,7,9,58,49,0.023984953228508972,0.1,23,116.31745388333333
IND523002AAA,5,3,31,25,0.009996702772366063,0.07142857142857142,11,89.17099911666662
IND533106AAA,8,8,38,39,0.020262097892786206,0.08771929824561403,15,78.6153121333333
IND585104AAA,5,5,42,41,0.006490624301518786,0.0,0,52.72383611666667
IND501359AAG,1,0,6,0,0.0,0.0,0,129.1635971583333
IND502110AAA,1,1,14,14,0.0016196838148923726,0.0,14,16.10455681666667
IND502313AAA,1,1,5,14,0.0016145318967143445,0.0,4,97.88259553333333
IND502220AAC,1,1,15,15,0.004016118370472058,0.0,15,66.40128843333332
IND502286AAB,1,1,15,15,0.004021270288650087,0.0,15,13.231065683333327
IND503185AAA,1,1,14,15,0.0016351395694264568,0.0,14,19.797248291666662
IND503122AAA,1,1,14,15,0.0016248357330704006,0.0,14,12.038027549999995
IND503187AAA,1,1,15,14,0.0016299876512484287,0.0,14,17.209051183333337
IND504201AAA,1,1,4,4,3.963013983098538e-07,0.5,2,18.392673241666664
IND505184AAC,2,2,8,5,0.0012221935123875893,0.5,4,49.333652
IND504208AAB,2,3,6,7,0.002437253599605601,0.2777777777777778,4,55.28578654166667
IND504251AAA,2,1,5,1,0.0008183623875098481,0.5,0,10.942806466666667
IND504215AAA,2,0,11,0,0.0,0.5,0,85.17630980000001
IND505326AAB,1,1,1,1,0.0,0.5,0,44.900962600000014
IND504293AAA,2,2,4,4,0.0,0.4166666666666667,1,60.91910249166668
IND504296AAA,2,1,3,3,0.0006085207971047805,0.5,2,14.787098566666657
IND505001AAA,1,0,5,0,0.0,0.0,0,22.77757249999999
IND505302AAB,2,2,6,7,0.0012317047459470256,0.08333333333333333,3,7.496455566666668
IND505172AAA,0,1,0,1,0.0,0.0,0,
IND505209AAA,2,2,6,5,0.000409379344454079,0.5,1,10.308033733333332
IND505122AAA,1,2,9,8,0.0008100400581453412,0.16666666666666666,7,441.58258508333336
IND505325AAA,1,1,2,5,0.0,0.5,1,11.52968671666666
IND505327AAA,1,2,7,3,0.00041136085144562824,0.16666666666666666,2,14.503893283333333
IND505326AAA,1,0,1,0,0.0,0.0,0,5.659767650000006
IND505425AAA,0,2,0,8,0.0,0.0,0,
IND505467AAA,1,1,7,8,0.0,0.5,7,31.89351226666666
IND505503AAA,1,1,1,1,0.0004109645500473184,0.0,1,19.65509958333334
IND506164AAA,0,1,0,1,0.0,0.0,0,
IND506001AAC,2,0,9,0,0.0,0.5,0,17.575156133333337
IND506132AAA,1,1,12,13,0.0012269491291673075,0.0,12,11.836528874999999
IND506143AAA,1,1,9,10,0.003614665053984177,0.0,8,36.908879799999994
IND506343AAA,1,1,2,2,0.0012305158417520961,0.0,2,20.419489783333326
IND506167AAB,1,1,9,9,0.0036095131358061484,0.0,9,62.69270181666667
IND506169AAB,1,1,1,2,0.0008211364972980171,0.0,1,20.747182583333327
IND506314AAA,1,1,9,8,0.0012114933746332232,0.0,6,575.68803765
IND507002AAA,6,4,32,36,0.004872921993617963,0.11627906976744186,14,89.35701874166666
IND507117AAB,1,2,12,14,0.0008136067707301299,0.16666666666666666,12,20.197025475000004
IND507159AAA,2,2,10,11,0.0,1.0,10,622.0135168916667
IND507167AAA,0,1,0,4,0.0,0.0,0,
IND508001AAA,1,2,14,15,0.0028153251335932016,0.16666666666666666,14,91.95183783333336
IND508206AAA,2,2,12,12,0.0,1.0,12,17.686266333333332
IND508213AAB,1,1,14,14,0.0028204770517712297,0.5,14,24.19005456666666
IND507111AAA,1,0,13,0,0.0,0.0,0,21.044674283333336
IND507303AAA,1,1,11,12,0.0008084548525521018,0.5,11,236.45064673333331
IND508223AAA,1,2,11,8,0.0008080585511537919,0.3333333333333333,8,16.087794550000012
IND508277AAB,1,1,7,9,0.00081321046933182,0.5,7,6.917625083333327
IND508207AAB,1,1,10,6,0.0048138730852697945,0.0,5,7.001141508333333
IND508248AAB,1,2,11,12,0.0012166452928112513,0.16666666666666666,10,6.891094833333327
IND508377AAB,1,1,10,11,0.0012114933746332232,0.0,9,54.29513461666667
IND509203AAA,1,1,14,14,0.00081321046933182,0.0,14,15.838192525
IND509103AAB,2,2,4,10,0.000409379344454079,0.6,4,17.989995100000016
IND509103AAC,1,1,5,1,0.0,1.0,1,30.136696900000004
IND509124AAA,3,2,11,12,0.002858125684610666,0.75,11,24.700900216666682
IND584101AAA,3,2,12,12,0.0012293269375571667,0.5,10,46.75538168333334
IND509301AAA,1,1,13,14,0.0008080585511537919,0.0,13,100.08301885
IND509324AAA,1,1,7,7,0.0012217972109892794,0.5,7,9.338848833333316
IND515401AAB,1,1,14,13,0.0012269491291673075,0.0,13,15.411706174999999
IND515671AAA,2,1,8,7,0.002854955273424187,0.16666666666666666,7,19.896832816666667
IND515134AAA,2,3,18,21,0.0040624856340743115,0.05555555555555555,6,34.701814174999996
IND515201AAA,2,1,14,12,0.0008183623875098481,0.0,12,20.288652958333337
IND515591AAA,1,2,8,7,0.0028291956825340463,0.16666666666666666,7,17.816752174999998
IND515301AAA,1,1,12,11,0.000409379344454079,0.0,11,9.79868673333333
IND561202AAB,1,1,11,12,0.0004042274262760509,0.0,11,5.814805133333323
IND515801AAA,2,1,14,14,0.0012217972109892794,0.16666666666666666,13,29.5527709
IND516269AAA,1,1,9,8,0.002824043764356018,0.0,8,12.262824649999999
IND515761AAA,1,2,14,14,0.0012114933746332232,0.16666666666666666,13,85.748139925
IND515865AAB,1,1,13,13,0.0012166452928112513,0.5,13,9.77812251666667
IND516101AAA,1,1,12,13,3.5667125847886842e-06,0.0,12,17.536924633333335
IND516115AAA,1,1,11,12,3.5667125847886842e-06,0.0,11,46.78127183333331
IND517501AAB,2,2,25,24,9.511233559436491e-06,0.0,0,21.309815299999997
IND516390AAA,1,1,9,9,0.00281889184617799,0.0,9,16.460483649999986
IND517325AAA,1,0,1,0,0.0,0.0,0,44.84005896666666
IND517408AAA,0,1,0,1,0.0,0.0,0,
IND517583AAA,1,1,13,13,3.5667125847886842e-06,0.0,13,14.030483166666684
IND517644AAA,1,1,11,12,3.5667125847886842e-06,0.0,11,26.891339133333332
IND524132AAA,1,1,11,11,3.5667125847886842e-06,0.0,11,21.47095516666667
IND518401AAA,1,1,6,7,0.0008183623875098481,0.0,6,13.26297855
IND518501AAA,1,1,11,14,0.0012269491291673075,0.5,11,25.47888726666666
IND518102AAA,1,1,10,10,0.0008080585511537919,0.0,7,64.41912525833334
IND518124AAA,2,1,7,11,0.0012217972109892794,0.16666666666666666,6,8.28821596666667
IND518206AAA,1,1,3,6,0.000409379344454079,0.0,1,14.51944821666666
IND518222AAA,1,1,4,3,0.0004042274262760509,0.0,2,109.68338694166667
IND518422AAB,1,1,10,6,0.00081321046933182,0.0,4,15.232057225000005
IND520011AAA,1,1,5,1,0.0,0.0,0,36.82009401666667
IND521185AAA,2,2,5,6,0.0008136067707301299,0.0,5,32.901066349999994
IND521001AAA,2,2,5,14,0.00081321046933182,0.6,5,64.71459418333333
IND521165AAA,1,2,1,2,0.0,1.0,1,19.965438166666672
IND521105AAA,2,1,7,2,0.0012217972109892794,0.16666666666666666,1,25.545388983333332
IND521333AAA,1,2,12,14,0.0012114933746332232,0.16666666666666666,12,242.61377850833335
IND534001AAA,1,1,10,3,0.0012166452928112513,0.5,2,19.134653983333333
IND521201AAA,1,1,2,15,0.0012269491291673075,0.0,2,11.961230758333333
IND521301AAA,1,1,13,13,0.0008183623875098481,1.0,13,18.92565979999999
IND522647AAA,1,1,13,7,0.0012166452928112513,0.0,6,37.334552883333316
IND523201AAA,1,1,1,13,0.0012114933746332232,0.0,1,31.66482245000003
IND523105AAA,1,2,12,13,0.00081321046933182,0.3333333333333333,12,7.420204416666671
IND523226AAA,1,1,6,4,0.0012269491291673075,0.5,3,15.983388825000006
IND523230AAA,1,1,12,14,0.0008183623875098481,0.5,12,3.2213807333333264
IND523316AAB,1,2,7,7,0.0012217972109892794,0.16666666666666666,6,19.42197213333334
IND524201AAA,1,1,12,12,0.0008080585511537919,0.5,10,335.616491925
IND524003AAA,1,1,14,14,0.0034192884646174187,0.5,13,50.186369333333346
IND524101AAB,1,1,13,11,3.5667125847886842e-06,0.0,11,33.976129250000014
IND530012AAA,10,9,52,51,0.06220346747871466,0.024242424242424242,13,50.35941724999999
IND530043AAA,2,1,10,10,0.0008183623875098481,0.0,10,22.387180666666666
IND531001AAA,2,2,2,2,0.0008136067707301299,0.0,2,25.919652533333334
IND531162AAA,0,2,0,7,0.0,0.0,0,
IND532001AAB,4,5,43,35,0.007287586413519902,0.05714285714285714,15,32.92661001666667
IND535001AAA,1,2,6,10,0.0004042274262760509,0.0,6,58.41879751666666
IND764001AAC,1,2,7,4,0.0016303839526467386,0.16666666666666666,4,13.647578816666666
IND764020AAC,1,1,1,1,0.0,0.5,0,7.830631716666666
IND530012AAC,2,0,5,0,0.0,1.0,0,22.512588400000027
IND530018AAA,1,0,1,0,0.0,0.0,0,196.21066651666663
IND530026AAA,1,0,4,0,0.0,0.0,0,19.396224000000004
IND531036AAA,1,1,4,4,0.0004050200290726706,0.0,4,27.186388700000002
IND531163AAA,1,1,9,9,0.000409379344454079,0.0,9,13.293814966666666
IND531116AAA,1,1,1,1,0.0,0.0,1,28.30112631666664
IND532127AAA,1,1,14,14,0.0016351395694264568,0.0,14,14.003544783333325
IND532201AAA,1,2,14,14,0.0012217972109892794,0.3333333333333333,14,24.739270266666665
IND532421AAA,1,1,13,13,0.0012269491291673075,0.5,13,6.595621899999998
IND535591AAA,1,1,3,14,0.0016299876512484287,0.0,3,14.462771733333327
IND532222AAA,2,1,8,14,0.0012166452928112513,0.3333333333333333,7,28.59086065833334
IND761200AAA,1,1,7,7,0.0,0.5,7,7.3233953999999954
IND532440AAA,1,1,11,11,0.0016145318967143445,0.5,11,13.307675383333333
IND533003AAA,2,2,14,10,0.000409379344454079,0.7,10,67.78081795
IND533401AAA,2,1,12,12,0.0,0.8333333333333334,12,32.007346416666664
IND533201AAA,2,3,8,5,0.00040462372767436077,0.375,4,38.59655670833333
IND533242AAA,1,2,2,5,0.0,0.5,0,19.74951956666667
IND533262AAA,2,2,7,9,0.0012166452928112513,0.5,6,37.399863766666684
IND533308AAB,2,2,9,8,0.0008183623875098481,0.7,8,32.52361888333331
IND534260AAC,1,1,2,3,0.0,0.0,0,38.01370531666666
IND535501AAB,2,1,12,13,0.0016196838148923726,0.16666666666666666,10,24.709562275000003
IND535558AAA,1,1,13,3,0.0016248357330704006,0.0,3,20.730274916666666
IND560002AAA,2,3,29,52,0.0008401589644168901,1.0,0,46.18960405
IND560099AAB,15,11,343,264,0.028059526055231734,0.17034700315457413,40,86.02125211666669
IND560027AAA,1,0,2,0,0.0,0.0,0,89.61845545
IND560099AAA,0,1,0,2,0.0,0.0,0,
IND560043AAC,3,4,56,89,0.0008140030721284397,0.42105263157894735,0,29.135830324999993
IND560064AAA,0,1,0,27,0.0,0.0,0,
IND560048AAB,2,4,30,46,0.0008092474553487215,0.6153846153846154,0,43.43865324166666
IND560058AAB,3,3,56,68,0.0023492746891808133,0.9230769230769231,25,23.8650839
IND560060AAB,2,3,25,69,0.0001046235691538014,1.0,0,27.013608199999993
IND560058AAD,1,2,27,43,0.0,1.0,0,162.30137163333333
IND560064AAD,1,0,28,0,0.0,0.0,0,49.96379305833333
IND560067AAC,1,1,17,7,0.0,0.0,0,25.453812083333332
IND562114AAA,2,1,15,17,0.0004050200290726706,0.0,14,31.610381866666657
IND560077AAA,1,0,1,0,0.0,0.0,0,114.21064943333334
IND560078AAC,2,3,28,51,0.0,1.0,0,32.26302849166667
IND560083AAB,2,2,25,40,2.06076727121124e-05,0.8,1,115.58665495000002
IND560085AAA,1,3,4,35,0.0,1.0,4,74.20464783333334
IND000000ACS,0,4,0,9,0.0,0.5,0,
IND560300AAA,12,4,227,187,0.005669884105619079,0.2606837606837607,0,59.76796126666666
IND632006AAA,5,3,40,30,0.018891291356032423,0.2037037037037037,16,168.70581705
IND635001AAA,2,2,8,8,0.0012174378956078709,0.4,7,21.05280338333334
IND683511AAB,0,1,0,1,0.0,0.0,0,
IND560099AAG,1,0,1,0,0.0,0.0,0,332.7853343
IND563101AAB,2,2,12,14,0.0008183623875098481,0.25,12,31.920849099999998
IND563130AAA,1,2,8,8,0.0004030385220811213,0.5,8,41.56010005000001
IND563131AAB,3,3,17,19,0.0020270816523549023,0.19230769230769232,14,31.724370666666665
IND560300AAB,3,2,16,11,1.1889041949295614e-06,0.2,0,63.66776014166665
IND563116AAA,1,2,10,13,0.0,0.5,10,65.50089913333335
IND561203AAB,1,1,9,8,0.0012328936501419553,0.0,8,18.32135605
IND562101AAA,1,1,8,9,0.0008227217028912565,0.0,6,22.706077174999997
IND561207AAB,1,1,9,8,0.00041254975564055784,0.0,7,16.211006633333326
IND562108AAA,1,1,1,9,2.377808389859123e-06,0.0,1,790.744406
IND572101AAA,1,2,8,4,0.001643065597392654,0.0,0,38.91725548333332
IND562117AAA,1,1,10,11,0.0004050200290726706,0.0,10,28.949367574999997
IND562125AAA,1,0,1,0,0.0,0.0,0,57.35364845000001
IND560066AAB,0,1,0,2,0.0,0.0,0,
IND570020AAA,3,3,17,23,0.002887848289483905,0.03333333333333333,0,36.74323676666668
IND573201AAB,5,4,33,37,0.0127410899556618,0.058823529411764705,14,45.625314450000005
IND577002AAA,3,4,24,23,0.006937255977413992,0.175,11,58.64076605833331
IND577501AAA,1,2,10,12,0.0004042274262760509,0.3333333333333333,10,34.49894697499999
IND577598AAC,1,1,11,10,0.000409379344454079,0.5,10,23.98672055
IND583101AAA,2,3,21,18,0.004061296729879382,0.1111111111111111,10,37.97339395
IND562159AAA,1,0,11,0,0.0,0.0,0,29.288237683333335
IND563125AAB,2,2,12,12,0.0008080585511537919,0.25,10,290.54183685833334
IND563131AAA,1,1,11,11,0.0,0.5,11,13.411820800000001
IND571301AAA,1,1,6,7,0.001238838171116603,0.0,6,18.10060735833334
IND571430AAA,1,2,7,8,0.00041889057801351546,0.16666666666666666,7,12.96106973333334
IND571602AAA,0,1,0,9,0.0,0.0,0,
IND571104AAA,1,1,11,10,0.0012166452928112513,0.0,10,15.491660466666666
IND577598AAB,1,1,11,11,0.0012114933746332232,0.0,10,18.392398233333324
IND571105AAA,1,0,8,0,0.0,0.0,0,12.24232080833334
IND571213AAA,1,1,6,8,3.5667125847886842e-06,0.0,5,29.675805166666663
IND571111AAB,1,1,7,6,0.0008278736210692847,0.0,6,10.669164233333326
IND571313AAB,1,1,7,7,0.0004169090710219662,0.0,6,16.566194199999998
IND571114AAA,1,1,6,6,6.340822372957661e-06,0.0,6,224.49998520833333
IND571124AAA,1,1,8,7,7.926027966197077e-06,0.5,7,191.62716168333333
IND571440AAA,1,1,7,7,5.944520974647807e-06,0.0,7,6.829540199999997
IND571401AAA,1,1,10,9,3.963013983098538e-07,0.0,8,24.508480741666666
IND562160AAB,0,1,0,10,0.0,0.0,0,
IND571426AAA,1,2,10,12,0.0012217972109892794,0.16666666666666666,10,13.231365591666659
IND571432AAB,1,1,11,7,0.0012269491291673075,0.5,6,10.97304021666666
IND571438AAB,1,0,9,0,0.0,0.0,0,11.127255666666663
IND572201AAB,2,2,3,6,0.0004030385220811213,0.3,3,20.737512350000003
IND577116AAA,1,3,3,4,1.5852055932394153e-06,0.1,2,9.23799615
IND573103AAA,2,1,4,3,0.0004077941388608396,0.5,2,1.5399616916666687
IND573116AAA,3,1,9,9,0.0020429337082872963,0.16666666666666666,9,25.56626886666666
IND573142AAA,1,2,11,12,0.002017174117397156,0.16666666666666666,10,12.520842250000001
IND573134AAB,2,2,9,10,0.0020266853509565926,0.1,8,25.397147849999996
IND577101AAA,2,2,6,4,0.0008140030721284397,0.1,1,9.305008124999993
IND574104AAA,1,1,10,9,0.0004042274262760509,0.0,8,20.201740566666658
IND574216AAA,2,2,5,11,0.005877149736935132,0.16666666666666666,5,13.60026251666666
IND574117AAA,2,1,3,5,0.0,0.3333333333333333,2,1.6944244666666748
IND576101AAA,1,2,3,3,0.002442801819181939,0.3333333333333333,0,25.196278449999994
IND576201AAA,1,2,4,4,0.002437649901003911,0.16666666666666666,3,20.66300794166667
IND574202AAA,1,1,6,5,0.0008183623875098481,0.0,4,17.692689633333337
IND574239AAA,1,1,7,6,0.00081321046933182,0.0,5,2.5787961833333313
IND574211AAA,2,1,6,8,0.006301588534524985,0.16666666666666666,4,5.299505725000003
IND574221AAA,1,1,6,7,0.0008080585511537919,0.0,6,20.55831040833334
IND574227AAA,1,1,9,2,0.000409379344454079,0.0,2,7.481314900000001
IND575014AAA,1,1,1,2,0.003429988602371785,0.5,1,5.292612816666633
IND671323AAD,1,1,1,3,0.0004101719472506987,0.0,1,6.656825933333337
IND581320AAA,2,2,5,5,0.0029841495292731992,0.0,4,18.070918633333335
IND581110AAE,2,2,13,14,0.00081321046933182,0.4,13,34.43723919999999
IND581115AAC,1,1,13,12,0.0,1.0,12,26.47603686666666
IND577132AAD,1,1,7,5,0.000807662249755482,0.5,5,10.160027533333334
IND577126AAA,1,1,1,1,0.0004042274262760509,0.5,1,338.0824471333333
IND577201AAA,2,3,11,9,0.002432497982825883,0.15,6,84.15546810000001
IND577432AAA,1,1,1,1,0.000409379344454079,0.5,1,12.190227649999997
IND577401AAA,2,1,8,9,0.0016287987470534992,0.3333333333333333,8,13.46500467500001
IND577522AAA,1,1,10,10,0.002415457022698559,0.0,10,21.194367874999998
IND577535AAC,1,1,10,10,0.002420608940876587,0.0,10,15.833374825
IND580002AAA,1,2,2,7,0.0,0.5,0,63.64363939999998
IND581402AAA,2,1,10,15,0.0016339506652315273,0.16666666666666666,10,26.482920274999998
IND590016AAA,1,2,3,11,0.00081321046933182,0.3333333333333333,3,36.355409533333344
IND591115AAB,1,1,4,4,0.0008183623875098481,0.5,4,33.60677909999999
IND591123AAC,1,1,13,13,0.0012269491291673075,0.0,13,22.468430916666662
IND581119AAB,1,1,10,11,0.0,1.0,9,13.716187824999992
IND581325AAA,1,2,14,14,0.00122021200539604,0.16666666666666666,13,49.15303490833331
IND581314AAA,2,2,10,9,0.0015039638065858952,0.2,9,5.3595512166666595
IND581334AAA,3,2,6,5,0.002065919189389268,0.125,4,10.542363508333342
IND581343AAC,1,1,6,2,0.0,1.0,2,9.302972125
IND582101AAB,1,2,12,13,0.0012114933746332232,0.16666666666666666,12,105.38561007499997
IND582209AAA,1,1,11,12,0.0012166452928112513,0.5,11,14.395470666666668
IND583201AAA,3,2,19,21,0.0020346113789227894,0.16666666666666666,8,19.19283396666667
IND583119AAA,1,1,7,7,0.0,1.0,7,77.79836048333334
IND583227AAA,1,1,10,11,0.000409379344454079,0.5,10,14.730564866666661
IND583231AAA,1,1,10,10,0.0004042274262760509,0.5,10,20.97466640833334
IND584123AAA,1,1,1,2,0.0008203438945013974,0.0,1,12.357345050000006
IND584128AAA,1,1,2,1,0.00041056824864900855,0.0,1,21.07410221666666
IND583121AAA,0,1,0,2,0.0,0.0,0,
IND585211AAA,2,2,14,15,0.0012166452928112513,0.0,14,24.825466691666666
IND585307AAB,2,2,15,15,0.0,0.0,15,197.80340261666663
IND585314AAA,2,2,12,13,0.0,0.0,11,208.23164148333328
IND585330AAE,1,1,15,14,0.004031574125006143,0.0,14,38.13565798333336
IND586128AAA,2,2,13,12,0.0008128141679335102,0.0,11,17.42324395
IND585222AAA,2,2,15,15,0.00040462372767436077,0.0,15,28.94215355
IND586211AAA,2,2,12,12,7.926027966197076e-07,0.0,12,15.130449641666658
IND585401AAA,1,1,15,15,0.0040264222068281145,0.0,15,13.55266605
IND586101AAA,1,1,4,8,0.0,0.0,4,31.14662491666668
IND586101AAB,1,1,2,2,0.0016180986092991332,0.0,2,28.956083
IND587103AAB,2,1,14,13,0.0012217972109892794,0.16666666666666666,13,48.41646463333332
IND591302AAB,1,1,5,3,0.0008080585511537919,0.5,2,101.85724441666667
IND591102AAA,1,1,12,1,0.00040541633047098046,0.0,1,11.90378217499999
IND591307AAC,2,1,4,12,0.0008100400581453412,0.3333333333333333,4,44.51661391666667
IND591126AAA,1,0,1,0,0.0,0.0,0,6.595821566666672
IND591201AAA,1,1,8,1,0.0020381780915075783,0.0,1,18.234741725
IND591304AAA,2,1,10,8,0.00203302617332955,0.0,7,17.056492333333317
IND600004AAA,1,1,2,1,0.0,0.0,0,155.11882399166663
IND600008AAC,2,3,12,24,0.0008136067707301299,0.25,11,24.325947249999984
IND600008AAA,1,0,11,0,0.0,0.0,0,39.325970733333335
IND600016AAA,1,0,4,0,0.0,0.0,0,22.939278091666665
IND600119AAA,1,2,5,10,0.00040462372767436077,0.0,4,43.87745003333332
IND600016AAB,1,0,18,0,0.0,0.0,0,42.31030325
IND600016AAC,2,2,7,14,0.0012174378956078709,0.0,0,99.62571068333332
IND600032AAB,4,3,89,56,8.718630762816785e-06,0.5555555555555556,2,38.71136258333334
IND600044AAD,5,5,39,35,0.0032488788633441815,0.15853658536585366,4,44.87362854999999
IND600076AAB,2,2,14,39,0.0,1.0,13,14.871359550000001
IND600048AAA,1,2,1,9,0.0004042274262760509,1.0,0,3.9270235833333302
IND603001AAA,1,1,11,10,0.000409379344454079,0.5,10,12.980498216666675
IND603203AAA,2,1,8,2,0.0,1.0,1,29.010523575000008
IND600044AAE,1,1,22,26,0.0,0.0,0,91.018737825
IND600056AAA,1,1,4,2,0.0004101719472506987,0.0,1,15.054644158333332
IND602105AAB,0,1,0,4,0.0,0.0,0,
IND600110AAA,2,1,7,20,0.00040977564585238885,0.0,0,42.0886811
IND600116AAB,3,4,11,17,0.00284702924545799,0.05263157894736842,2,41.751515299999994
IND605010AAB,3,2,18,23,0.007286397509324972,0.0,7,56.333098025000005
IND605601AAA,3,3,24,23,0.004865788568448385,0.0,9,33.72050433333334
IND631501AAA,2,1,6,6,0.000409379344454079,0.5,6,35.79233961666666
IND635802AAB,2,3,13,13,0.0017805821826061732,0.2777777777777778,6,50.664720149999994
IND600083AAA,1,0,1,0,0.0,0.0,0,451.9095145
IND600056AAD,0,1,0,1,0.0,0.0,0,
IND602024AAA,2,1,9,7,0.000409379344454079,0.5,6,28.25702058333333
IND602001AAA,1,1,1,6,0.0,1.0,1,369.1725788666666
IND602001AAB,1,0,11,0,0.0,0.0,0,12.525827433333333
IND609001AAA,1,1,12,11,7.926027966197076e-07,0.0,11,30.51218945833334
IND603301AAA,1,1,11,11,0.0004042274262760509,0.5,11,26.22789686666667
IND603102AAA,1,1,12,4,0.0004042274262760509,0.0,4,30.793149866666653
IND604303AAA,1,1,4,4,0.000409379344454079,0.0,1,1.0553220083333272
IND607001AAA,1,1,10,11,0.0028561441776191166,0.0,10,14.570994424999995
IND607106AAA,1,1,12,12,0.0016351395694264568,0.0,12,15.988605858333333
IND636102AAA,1,1,5,6,0.0,0.0,0,6.800369916666654
IND606003AAA,1,1,11,12,0.0016248357330704006,0.0,11,15.838542316666668
IND606105AAA,1,1,11,11,0.0016196838148923726,0.0,11,11.587188683333338
IND606201AAC,1,1,12,11,0.0016145318967143445,0.0,11,7.5673506666666555
IND606801AAB,1,1,9,10,0.0008080585511537919,0.0,9,14.503287900000004
IND606803AAA,1,1,10,9,0.00081321046933182,0.0,9,15.166512925
IND608001AAA,1,1,7,10,0.0028509922594410885,0.0,7,4.889735683333335
IND607801AAA,1,1,12,12,0.0016299876512484287,0.0,12,17.46838198333333
IND609110AAA,1,1,7,7,0.0028458403412630604,0.0,7,11.210781616666665
IND608301AAA,1,1,11,9,3.963013983098538e-06,0.0,9,16.750316666666635
IND639104AAB,1,1,1,11,2.377808389859123e-06,0.0,1,18.61631381666666
IND614018AAA,1,1,10,12,7.926027966197076e-07,0.0,10,7.009984108333313
IND609602AAA,1,1,10,7,0.0028406884230850324,0.0,7,11.74348126666667
IND611001AAA,1,1,10,10,0.0028355365049070043,0.0,10,20.579292075
IND610001AAA,2,2,22,22,0.003639235740679388,0.08333333333333333,10,17.992357116666668
IND614715AAA,1,1,12,12,0.000409379344454079,0.5,12,8.131863466666665
IND613104AAA,0,1,0,10,0.0,0.0,0,
IND614602AAA,1,0,11,0,0.0,0.0,0,19.754519483333333
IND614804AAA,1,1,11,11,1.5852055932394153e-06,0.0,11,19.251888833333332
IND614616AAA,1,1,11,11,2.377808389859123e-06,0.0,11,32.216188333333335
IND630002AAA,1,1,9,11,2.377808389859123e-06,0.0,9,24.001627266666674
IND614620AAA,1,1,12,12,9.114932161126638e-06,0.0,12,30.721266891666644
IND630561AAA,2,1,16,12,1.3077946144225176e-05,0.0,0,48.34466057499999
IND614809AAA,1,1,12,12,0.0004042274262760509,0.5,12,13.106759483333342
IND620020AAA,1,0,24,0,0.0,0.0,0,23.525583183333335
IND621112AAA,1,1,1,24,3.963013983098538e-07,0.0,1,12.382741266666642
IND621010AAA,1,1,11,10,2.377808389859123e-06,0.0,10,14.929086949999999
IND621212AAA,1,2,11,12,4.359315381408392e-06,0.16666666666666666,10,7.225975900000002
IND620012AAA,0,2,0,2,0.0,0.0,0,
IND621211AAA,1,0,10,0,0.0,0.0,0,5.689613716666667
IND621704AAA,1,1,12,11,4.755616779718246e-06,0.5,11,18.501232275000007
IND621306AAA,1,0,12,0,0.0,0.0,0,22.67090535833333
IND625106AAA,1,1,13,12,1.981506991549269e-06,0.0,12,18.107938416666684
IND621802AAA,2,1,10,12,5.1519181780281e-06,0.16666666666666666,9,14.336743925
IND622407AAA,1,1,9,9,1.5852055932394153e-06,0.0,9,12.910847916666661
IND622001AAA,0,1,0,9,0.0,0.0,0,
IND623315AAB,1,1,12,12,5.1519181780281e-06,0.0,12,14.249624683333334
IND623407AAA,1,1,12,11,1.1889041949295614e-06,0.0,11,19.992345608333338
IND623503AAA,1,1,7,7,1.5852055932394153e-05,0.0,7,22.812533533333337
IND623526AAA,1,1,8,7,1.664465872901386e-05,0.0,7,17.655189016666654
IND623704AAA,1,1,7,8,1.664465872901386e-05,0.0,7,8.789501950000002
IND623701AAA,1,1,7,5,1.4266850339154737e-05,0.0,5,16.6068073
IND626607AAB,1,1,7,7,1.5852055932394153e-05,0.0,7,9.770756633333335
IND624001AAA,2,1,17,9,3.963013983098538e-06,0.0,9,35.37100608333334
IND624619AAA,1,1,6,8,3.1704111864788306e-06,0.0,6,5.0636684666666625
IND625008AAA,1,5,12,46,2.9326303474929184e-05,0.0,0,144.52792958333333
IND624101AAA,1,1,8,12,3.1704111864788306e-06,0.0,8,26.174071691666676
IND624202AAA,1,1,8,8,1.981506991549269e-06,0.0,8,11.751484766666664
IND625218AAA,0,1,0,8,0.0,0.0,0,
IND624601AAA,1,1,12,6,3.5667125847886842e-06,0.0,6,22.08938549166667
IND626123AAA,1,1,12,12,2.2589179703661667e-05,0.0,12,21.459650741666657
IND625516AAA,1,1,5,6,4.755616779718246e-06,0.0,5,23.28741763333332
IND685514AAA,1,2,6,6,5.944520974647807e-06,0.0,5,48.08301040833331
IND625531AAA,1,1,6,5,2.774109788168977e-06,0.0,5,35.055168374999994
IND625532AAA,2,0,6,0,0.0,0.0,0,11.658304566666672
IND626117AAA,1,1,9,12,9.114932161126638e-06,0.0,9,23.56909206666667
IND626138AAA,1,1,11,9,2.377808389859123e-06,0.0,9,14.690280616666683
IND627756AAA,1,1,12,12,1.5852055932394153e-05,0.0,12,32.455305466666665
IND627005AAA,4,3,30,31,1.7040960127323715e-05,0.047619047619047616,0,37.73770376666667
IND627117AAA,1,1,11,11,3.1704111864788306e-06,0.5,11,31.31471801666666
IND627811AAA,1,1,6,6,2.377808389859123e-06,0.5,6,22.90085104166667
IND628801AAA,1,1,12,12,5.944520974647807e-06,0.0,12,14.043850033333332
IND629001AAA,0,2,0,12,0.0,0.5,0,
IND627401AAA,1,1,10,6,2.774109788168977e-06,0.5,6,15.963695591666685
IND627657AAA,1,1,12,12,6.737123771267515e-06,0.0,12,21.582073841666663
IND628613AAA,1,1,10,12,7.1334251695773685e-06,0.0,10,10.031288141666671
IND628204AAA,1,1,12,12,6.340822372957661e-06,0.0,12,13.946021975
IND629179AAA,1,0,11,0,0.0,0.0,0,32.33720111666668
IND631003AAA,1,1,5,5,0.0004042274262760509,1.0,5,120.62899895000001
IND631102AAA,1,1,12,11,0.0004042274262760509,0.0,11,23.84832519166666
IND632301AAA,1,1,9,10,0.0008183623875098481,0.0,9,20.602613966666667
IND632402AAA,1,1,11,8,0.000409379344454079,0.0,7,28.161242799999997
IND636705AAB,2,2,9,9,0.00040462372767436077,0.2,5,28.11057088333331
IND635601AAB,1,1,7,7,0.0,0.0,7,24.668544700000012
IND636005AAA,2,0,4,0,0.0,0.0,0,64.751255275
IND636005AAC,0,1,0,1,0.0,0.0,0,
IND636016AAA,2,1,11,3,7.926027966197076e-07,0.16666666666666666,0,21.914459199999996
IND636402AAA,0,2,0,12,0.0,0.5,0,
IND637211AAA,1,1,11,10,7.926027966197076e-07,0.5,10,16.288008916666683
IND636352AAA,1,0,5,0,0.0,0.0,0,15.725711016666665
IND637301AAA,1,0,10,0,0.0,0.0,0,6.194780216666665
IND638001AAA,1,1,3,10,3.963013983098538e-07,0.0,2,28.07390633333334
IND637408AAA,1,0,10,0,0.0,0.0,0,9.263139225
IND637001AAA,0,1,0,10,0.0,0.0,0,
IND638052AAA,0,1,0,3,0.0,0.0,0,
IND638401AAA,1,1,10,9,1.3077946144225176e-05,0.0,8,5.472115258333336
IND638452AAA,1,1,2,10,1.2285343347605469e-05,0.0,2,20.604224666666667
IND638501AAB,1,1,11,2,1.1492740550985761e-05,0.0,2,49.589096600000005
IND641062AAD,6,7,46,53,9.550863699267477e-05,0.01948051948051948,0,186.718665925
IND638657AAA,1,1,12,11,1.743726152563357e-05,0.0,11,19.182438408333336
IND638701AAA,1,1,12,12,1.664465872901386e-05,0.0,12,338.41997795833333
IND641607AAA,3,2,30,24,4.359315381408392e-05,0.05555555555555555,0,55.87297119166666
IND639001AAA,1,0,9,0,0.0,0.0,0,18.698449166666663
IND641001AAA,1,1,2,3,5.944520974647807e-06,0.5,1,18.282680924999994
IND641006AAD,1,0,1,0,0.0,0.0,0,51.369513999999995
IND641008AAA,1,1,3,1,6.737123771267515e-06,0.5,0,0.992848533333337
IND641011AAA,1,0,5,0,0.0,0.0,0,30.015573766666677
IND642126AAA,1,1,12,12,6.737123771267515e-06,0.5,12,14.827088233333335
IND643217AAA,1,2,7,10,1.8229864322253276e-05,0.16666666666666666,6,6.032300366666661
IND643231AAA,1,1,9,11,1.9022467118872983e-05,0.5,9,14.756983283333327
IND641654AAA,1,1,7,7,0.0,0.5,7,7.53222353333333
IND641664AAA,1,2,11,10,1.8229864322253276e-05,0.16666666666666666,9,17.393136283333334
IND642001AAA,1,1,12,12,5.944520974647807e-06,0.5,12,57.62255948333333
IND643001AAA,1,1,4,7,1.743726152563357e-05,0.0,0,18.48946435
IND643212AAA,1,1,2,4,1.664465872901386e-05,0.0,1,10.467924066666683
IND670645AAB,1,2,6,9,0.00040541633047098046,0.5,5,1084.3033347916667
IND673592AAA,3,2,24,18,0.0012162489914129414,0.1111111111111111,10,40.237165749999996
IND671315AAA,1,0,2,0,0.0,0.0,0,199.82764034166667
IND000000ACO,0,1,0,1,0.0,0.0,0,
IND673104AAA,1,2,12,11,2.377808389859123e-06,0.16666666666666666,11,18.870644991666662
IND673305AAA,1,1,10,2,0.0,0.5,2,12.141643224999996
IND673506AAA,1,1,12,12,1.5852055932394153e-06,0.0,11,17.810495208333336
IND673121AAA,1,1,8,11,7.926027966197076e-07,1.0,8,16.039933174999994
IND670643AAA,0,1,0,12,0.0,0.0,0,
IND673573AAA,1,0,12,0,0.0,0.0,0,20.484881724999994
IND676306AAA,1,0,5,0,0.0,0.0,0,6.649962583333334
IND676509AAA,1,1,3,5,7.926027966197076e-07,0.0,3,9.518326649999999
IND679322AAA,1,1,1,3,7.926027966197076e-07,0.0,1,2.7313397500000036
IND678683AAA,1,1,13,14,0.012719293378754758,0.0,13,35.51782056666666
IND679303AAA,1,1,9,7,0.0012217972109892794,0.0,7,9.57602263333333
IND679531AAA,1,1,9,9,0.0012166452928112513,0.0,9,19.81384046666667
IND673639AAA,0,2,0,4,0.0,0.0,0,
IND679329AAA,1,0,3,0,0.0,0.0,0,4.69216123333333
IND680587AAA,2,1,9,9,0.0012114933746332232,0.3333333333333333,9,31.213447033333324
IND680012AAA,1,1,7,6,0.0012269491291673075,0.0,6,13.45953033333332
IND68004AAA,2,2,20,19,0.012754167901806026,0.2,19,34.23482110833332
IND680104AAA,1,1,12,11,0.0004101719472506987,0.0,11,28.860995508333332
IND679576AAA,0,1,0,12,0.0,0.0,0,
IND680307AAA,2,1,6,7,0.00040541633047098046,0.16666666666666666,6,28.679001108333335
IND680712AAA,1,1,6,4,0.0,0.5,4,19.581201866666667
IND000000ADM,0,1,0,8,0.0,0.0,0,
IND686028AAB,2,3,11,18,0.0024737133282501074,0.0,1,80.57698301666666
IND683572AAA,1,0,7,0,0.0,0.0,0,17.021760416666666
IND686632AAA,1,1,1,1,0.00041334235843717754,0.0,0,7.395150516666668
IND689101AAA,2,1,5,10,0.001236460362726744,0.16666666666666666,4,36.70493358333333
IND686507AAA,2,1,11,1,3.1704111864788306e-06,0.5,1,22.211569883333333
IND686513AAA,2,1,5,10,0.0,0.5,3,8.235538716666682
IND686540AAA,1,2,1,5,5.548219576337954e-06,0.3333333333333333,0,1160.5679849666667
IND686141AAA,0,1,0,1,0.0,0.0,0,
IND688009AAA,1,1,10,9,4.755616779718246e-06,0.0,8,648.2663384166667
IND688524AAA,1,0,7,0,0.0,0.0,0,40.946432000000016
IND689650AAA,1,1,1,1,0.0,0.5,1,11.87425086666667
IND690548AAA,1,2,9,5,0.00041532386542872683,0.16666666666666666,3,24.852052966666662
IND689503AAB,1,1,1,1,0.0004050200290726706,0.0,1,82.71042484999998
IND689645AAA,1,1,11,11,0.000821532798696327,0.0,10,20.55469645
IND691551AAA,1,1,14,11,0.0012245713207774483,0.0,10,621.2345649916666
IND690537AAA,1,0,1,0,0.0,0.0,0,33.126558900000006
IND691001AAB,4,2,26,26,0.006108986054946397,0.0,9,149.68081388333334
IND690573AAA,0,1,0,1,0.0,0.0,0,
IND691506AAA,1,1,14,15,1.54557545340843e-05,0.0,14,12.651790483333333
IND695012AAA,2,5,14,8,0.004092208238947551,0.0,1,72.11242321666667
IND691305AAA,1,1,11,14,0.0004184942766152056,0.0,11,17.29456834999999
IND691574AAA,1,2,14,14,0.0008262884154760452,0.16666666666666666,14,16.512078675
IND695614AAA,1,1,2,14,0.0012293269375571667,0.0,2,23.4674347
IND695101AAB,2,2,14,14,0.0004232498933949239,0.1,14,27.423360724999995
IND695012AAB,1,0,3,0,0.0,0.0,0,271.43696926666667
IND695541AAA,2,1,2,9,0.001228138033362237,0.0,1,41.95847490833333
IND695582AAA,2,0,13,0,0.0,0.5,0,24.268973316666667
IND695609AAA,1,1,2,2,0.001632365459638288,0.0,1,16.045841100000015
IND700026AAC,2,1,5,29,0.0,1.0,0,63.61787981666663
IND700065AAA,1,2,23,30,0.0004042274262760509,1.0,0,124.81348635
IND700028AAB,1,1,8,22,0.0,0.0,0,60.04921830000002
IND700053AAA,3,2,11,19,0.0020350076803210995,0.05555555555555555,0,79.50867791666667
IND700136AAB,0,1,0,1,0.0,0.0,0,
IND743513AAA,1,1,8,4,0.000409379344454079,0.5,3,31.20356716666666
IND700065AAB,1,0,11,0,0.0,0.0,0,74.14457901666668
IND712310AAA,0,2,0,27,0.0,0.0,0,
IND700088AAA,1,1,5,23,0.0,0.0,0,83.37872608333333
IND700136AAG,1,0,16,0,0.0,0.0,0,69.717335575
IND711303AAA,1,1,11,12,0.0016470286113757526,0.5,11,34.86252893333334
IND721134AAB,2,1,11,11,0.0012380455683199834,0.16666666666666666,10,24.021723033333338
IND712103AAA,1,1,18,20,2.774109788168977e-06,0.5,17,30.172305425000005
IND712310AAE,3,4,34,26,0.0032924720171582655,0.047619047619047616,0,52.00262081666667
IND712124AAA,1,1,20,21,0.00041175715284393814,0.5,19,22.953038941666666
IND711409AAA,0,1,0,1,0.0,0.0,0,
IND712410AAC,1,1,2,4,0.0012265528277689976,0.0,2,31.128229616666665
IND713103AAA,1,1,4,6,0.0,1.0,4,9.435446675000009
IND713145AAB,1,1,1,1,0.0004101719472506987,0.0,1,3.6921244500000014
IND713205AAB,10,6,35,43,0.014115066903602064,0.029661016949152543,8,74.073002
IND721306AAA,3,3,16,19,0.004059315222887832,0.03333333333333333,4,32.799300508333324
IND732103AAB,2,2,5,6,0.002878337055924468,0.0,0,36.45072801666666
IND742101AAC,6,6,26,34,0.0077377848019998955,0.03076923076923077,8,94.91859951666667
IND742102AAB,4,5,21,24,0.007167110788433706,0.0,3,69.47598045
IND743235AAA,1,1,2,1,0.000409379344454079,0.5,1,37.273199758333334
IND781018AAB,14,15,72,70,0.04372710368671265,0.011278195488721804,0,169.0671774333333
IND826004AAA,5,7,15,43,0.02545760922462839,0.046153846153846156,3,61.0867687333332
IND712406AAA,1,1,1,2,0.0012214009095909695,0.0,1,2.470526233333345
IND712602AAA,1,1,1,1,0.0012162489914129414,0.0,0,0.6273119333333455
IND722154AAA,1,2,1,2,0.0016161171023075839,0.0,0,337.1603147000001
IND712612AAA,1,0,1,0,0.0,0.0,0,31.77106081666667
IND713128AAB,2,1,12,10,0.0012217972109892794,0.16666666666666666,9,30.64114996666666
IND731204AAB,1,1,11,11,0.0012166452928112513,0.5,10,27.989150699999996
IND731301AAA,1,2,12,12,0.0012114933746332232,0.16666666666666666,12,19.551017466666664
IND713130AAA,2,2,11,9,0.0012269491291673075,0.16666666666666666,8,41.345958266666656
IND741123AAB,1,2,11,11,0.0012217972109892794,0.3333333333333333,11,23.427731466666685
IND741126AAB,1,2,13,12,0.0012166452928112513,0.16666666666666666,12,24.603798383333327
IND741316AAA,0,1,0,1,0.0,0.0,0,
IND713148AAA,1,1,10,3,0.0012269491291673075,0.0,2,16.706122449999995
IND713303AAA,1,1,6,5,0.007159581061865819,0.0,4,22.792224424999993
IND722101AAA,1,1,7,1,0.000409379344454079,0.5,0,6.7295118833333305
IND722101AAB,0,1,0,1,0.0,0.0,0,
IND722101AAC,0,2,0,7,0.0,1.0,0,
IND722143AAB,1,1,9,8,0.002854955273424187,0.5,8,33.05453418333332
IND722202AAA,2,1,4,3,0.00040977564585238885,0.5,3,8.800622525000001
IND723130AAA,2,3,18,17,0.004057333715896283,0.05,14,27.12981225
IND723133AAA,1,2,12,10,0.002849803355246159,0.3333333333333333,9,12.492746366666662
IND713364AAB,1,1,11,6,0.007154429143687791,0.0,6,42.55277590000003
IND721102AAA,1,1,8,4,0.002415853324096869,0.5,4,51.92199746666665
IND721133AAA,1,1,2,2,0.0008183623875098481,0.0,2,18.991045516666674
IND721434AAB,1,1,2,2,0.00081321046933182,0.0,2,21.36556860833332
IND721139AAC,2,2,3,14,0.0008254958126794255,0.2,0,38.21703819999999
IND721602AAB,1,2,4,5,3.963013983098538e-07,0.5,3,16.57917844166667
IND721636AAB,1,1,3,1,0.0004129460570388677,1.0,1,20.601116399999995
IND721212AAA,1,0,6,0,0.0,0.0,0,19.80869109999999
IND721253AAC,1,1,9,5,0.0004050200290726706,0.0,5,53.43280431666665
IND721507AAA,0,1,0,10,0.0,0.0,0,
IND721401AAA,1,1,2,2,0.0008080585511537919,0.0,2,33.54325888333334
IND721501AAC,1,0,5,0,0.0,0.0,0,12.776430383333292
IND722122AAA,1,1,6,7,0.0004042274262760509,0.5,3,13.473964466666672
IND722140AAA,1,1,4,6,0.00081321046933182,0.0,4,26.34148005
IND722151AAA,1,1,3,4,0.0008080585511537919,0.0,3,24.312961083333448
IND723101AAA,1,1,13,14,0.002824043764356018,0.0,13,22.044923549999993
IND723202AAA,1,1,13,13,0.00281889184617799,0.0,13,35.20417980000002
IND723131AAA,1,1,6,4,0.0008183623875098481,0.0,4,19.467701766666668
IND731224AAA,1,1,8,9,0.0016299876512484287,0.0,8,21.734367066666664
IND742147AAA,1,1,3,8,0.0016248357330704006,0.0,3,7.471335666666661
IND731237AAB,1,2,9,12,0.0016351395694264568,0.0,9,20.193548716666655
IND732103AAA,1,2,2,2,0.0016414803917994146,0.16666666666666666,0,29.758878900000013
IND732138AAA,3,1,6,2,0.0012321010473453355,0.16666666666666666,1,6.411077116666689
IND732202AAA,1,1,6,3,0.000824306908484496,0.0,2,26.860698683333332
IND733128AAA,2,1,3,2,0.0012328936501419553,0.16666666666666666,1,11.849528066666664
IND733102AAA,0,2,0,8,0.0,0.5,0,
IND733124AAA,0,1,0,3,0.0,0.0,0,
IND733140AAA,2,1,7,1,3.963013983098538e-07,0.3333333333333333,1,13.797251416666668
IND732204AAB,1,1,4,6,0.00041254975564055784,0.0,4,56.49070036666666
IND732139AAA,0,1,0,4,0.0,0.0,0,
IND733129AAB,1,2,2,2,0.00041492756403041693,0.16666666666666666,0,9.975292758333335
IND733134AAA,1,1,1,2,0.0008239106070861861,0.5,1,41.80859166666667
IND733129AAA,1,1,3,2,5.944520974647807e-06,0.0,0,48.90428666666668
IND733201AAA,1,0,1,0,0.0,0.0,0,15.699982950000006
IND733202AAB,1,1,1,1,3.963013983098538e-07,0.0,0,19.927413933333327
IND733210AAA,0,1,0,1,0.0,0.0,0,
IND734214AAB,1,0,3,0,0.0,0.0,0,14.969809516666658
IND735224AAA,1,0,8,0,0.0,0.0,0,8.424237016666666
IND736146AAA,1,1,8,8,1.1889041949295614e-06,0.0,6,40.99989898333333
IND736135AAA,2,1,11,8,1.5852055932394153e-06,0.0,7,18.568576449999995
IND736101AAA,0,1,0,6,0.0,0.0,0,
IND736165AAA,0,1,0,5,0.0,0.0,0,
IND741156AAA,2,1,14,13,0.0012114933746332232,0.0,13,50.52528332499998
IND741165AAB,1,1,9,12,0.0012249676221757582,0.0,9,29.901035433333334
IND742121AAB,2,1,10,9,0.00121981570399773,0.16666666666666666,9,30.806325616666676
IND741201AAC,1,0,1,0,0.0,0.0,0,59.99286600000005
IND742202AAA,2,1,3,1,0.002048878229261944,0.3333333333333333,1,50.75165874999999
IND742303AAB,1,2,12,13,0.0012301195403537862,0.0,12,40.69231213333333
IND742121AAA,2,1,11,9,0.001214663785819702,0.16666666666666666,9,26.212769199999997
IND742137AAA,1,1,3,3,0.0016196838148923726,0.0,2,14.040897233333325
IND742401AAA,2,1,10,3,0.0016145318967143445,0.0,3,31.717734408333328
IND742148AAA,1,1,9,9,0.00040620893326760016,0.5,9,22.012447500000007
IND742225AAA,1,2,9,10,0.0008116252637385806,0.16666666666666666,9,20.98464525
IND742149AAA,2,0,10,0,0.0,0.5,0,35.95742718333333
IND742223AAA,1,1,10,9,0.0012162489914129414,0.0,9,36.70883950000001
IND742226AAA,2,1,11,10,0.0016200801162906825,0.0,9,43.91234729999999
IND743270AAA,1,1,1,2,0.0004042274262760509,0.5,1,2.928733683333121
IND743347AAA,1,1,4,8,0.0004042274262760509,0.5,4,37.521753375
IND754103AAA,1,1,1,6,0.0008203438945013974,0.0,1,38.02923143333334
IND756100AAC,4,3,13,16,0.0048895666523469765,0.15789473684210525,1,64.92019408333329
IND760003AAB,2,1,2,8,0.0008191549903064678,0.16666666666666666,2,318.48489981666665
IND751014AAA,1,0,4,0,0.0,0.0,0,38.32109
IND751015AAA,4,0,10,0,0.0,0.3333333333333333,0,33.16814895833333
IND752050AAA,2,1,2,1,3.963013983098538e-07,0.5,0,12.968577175000002
IND752055AAA,1,1,1,1,0.0,0.5,0,31.926120800000007
IND752056AAA,1,2,1,5,0.0,0.5,1,6.6238849
IND751021AAA,1,0,1,0,0.0,0.0,0,542.00945265
IND754022AAA,1,1,2,1,0.000403831124877741,0.5,0,14.234817125000014
IND754142AAA,1,1,1,1,0.00041056824864900855,0.0,1,20.04204513333336
IND754211AAA,0,1,0,1,0.0,0.0,0,
IND756019AAA,4,2,7,3,0.0036455765630523454,0.10714285714285714,1,737.1067774
IND756032AAA,1,1,7,1,0.002410701405918841,0.0,0,32.73973085
IND757001AAA,0,3,0,4,0.0,0.5,0,
IND757025AAA,1,1,2,4,0.00040977564585238885,0.5,2,25.465075699999996
IND757041AAA,2,1,3,1,0.0,0.5,1,274.97934281666664
IND756045AAB,1,1,1,1,0.0032465010549543225,0.0,1,22.894528700000002
IND757037AAA,2,2,6,2,0.0008195512917047777,0.6,2,222.106648125
IND758001AAA,1,3,2,5,0.0004101719472506987,0.2,2,22.853281541666675
IND758034AAA,2,1,2,8,0.0,1.0,0,79.89141825833333
IND758035AAA,1,1,1,2,0.0,0.0,0,14.276294466666684
IND761020AAA,0,1,0,1,0.0,0.0,0,
IND764059AAA,1,1,3,7,0.0016252320344687105,0.0,3,18.57002803333333
IND764071AAB,2,1,3,3,0.0016200801162906825,0.0,1,15.407773816666662
IND764073AAA,0,1,0,2,0.0,0.0,0,
IND767001AAA,1,1,1,1,1.1889041949295614e-06,0.0,1,43.07989845
IND767017AAA,1,1,1,1,1.5852055932394153e-06,0.0,1,643.1242801333334
IND768004AAD,1,1,1,1,1.1889041949295614e-06,0.0,0,148.85724088333333
IND768028AAA,0,1,0,1,0.0,0.0,0,
IND768028AAB,1,0,1,0,0.0,0.0,0,4.077002649999997
IND768216AAA,1,0,2,0,0.0,0.0,0,10.088181091666662
IND770001AAA,1,1,3,2,3.963013983098538e-07,0.0,2,13.779275299999995
IND770017AAB,0,1,0,3,0.0,0.0,0,
IND781001AAA,1,0,4,0,0.0,0.0,0,64.50357644166667
IND781003AAA,1,1,3,1,0.0,0.0,0,37.71701536666666
IND781005AAA,1,1,6,5,0.0,0.0,0,23.047499183333336
IND781014AAA,2,0,8,0,0.0,0.0,0,44.427385833333325
IND781102AAA,1,1,2,3,0.0,0.0,2,571.5916533416666
IND781124AAA,1,1,3,5,0.0004050200290726706,0.0,3,24.633407783333354
IND781018AAA,1,0,2,0,0.0,0.0,0,1367.7735030583333
IND781022AAA,1,1,10,7,0.0,0.0,5,43.89607439166666
IND781354AAA,1,1,2,8,0.003262353110886717,0.0,2,6.930302875000006
IND784001AAA,4,3,6,7,0.0024416129149870095,0.09523809523809523,3,70.2123915
IND784125AAA,1,1,3,4,0.000409379344454079,0.5,3,38.33807200000001
IND784168AAB,2,3,8,3,0.004451257305816278,0.15,3,32.69858924166665
IND785001AAA,3,5,14,14,0.00888983296688664,0.057692307692307696,5,45.40349926666668
IND785612AAB,2,2,2,3,0.007980321257765526,0.2,1,36.03238925000001
IND785621AAA,1,2,3,2,0.007681510003439897,0.5,2,42.79592785
IND788026AAC,4,4,34,23,0.004873714596414582,0.09259259259259259,0,217.71720718333333
IND793001AAA,2,1,3,10,0.000409379344454079,0.5,3,39.95930179999999
IND781335AAA,1,1,4,2,0.0032572011927086883,0.0,0,26.64587114166666
IND783129AAA,1,1,1,10,0.0036313097127131906,0.0,0,31.418515966666632
IND794101AAA,1,1,9,1,0.0036261577945351626,0.0,1,147.32830251666667
IND783301AAA,1,2,11,10,0.003641613549069247,0.0,10,41.16607688333332
IND783348AAA,1,1,10,11,0.0036364616308912187,0.0,9,23.440395541666675
IND783370AAB,1,0,2,0,0.0,0.0,0,40.04655507499999
IND784101AAA,1,1,1,1,0.0,0.5,1,47.74052578333334
IND790114AAA,0,2,0,2,0.0,0.5,0,
IND791111AAC,0,2,0,5,0.0,0.5,0,
IND784110AAA,2,1,3,3,0.0004042274262760509,0.3333333333333333,3,8.243577549999998
IND784176AAA,1,1,4,6,0.004035933440387551,0.5,2,78.73581998333336
IND785112AAC,2,1,4,2,0.000409379344454079,0.5,2,92.81485663333333
IND785682AAA,2,2,11,21,0.008060374140224117,0.0,10,45.26315701666667
IND798601AAA,1,1,4,1,0.0,0.0,0,469.83746345833333
IND785634AAA,1,1,3,2,0.0,1.0,2,364.3440092166667
IND785675AAA,1,1,1,3,0.007583623558057363,0.0,1,39.69548008333334
IND785690AAB,1,1,10,1,0.0,0.0,0,32.62999944166667
IND786001AAB,5,6,29,31,0.012087192648450542,0.045454545454545456,3,75.66270526666668
IND786125AAA,1,2,5,5,0.0,0.5,4,14.513094733333347
IND786171AAA,1,1,6,8,0.001225760224972378,0.5,6,17.569692091666667
IND786184AAA,2,1,5,7,0.0016335543638332174,0.5,5,17.49094865
IND786602AAA,0,1,0,10,0.0,0.0,0,
IND786190AAA,2,2,7,6,0.00203262987193124,0.25,6,2.8791220166666704
IND786181AAC,3,3,22,15,0.0020298557621430714,0.038461538461538464,6,26.17914563333335
IND792120AAB,1,1,2,7,0.0,0.0,2,38.213757449999996
IND792121AAB,1,1,7,7,0.0,0.0,6,12.133374666666782
IND792103AAB,1,1,5,6,0.0008183623875098481,0.0,4,14.233669199999994
IND787001AAA,1,2,8,2,0.0008124178665352003,0.0,2,32.72869264166667
IND787057AAA,1,1,10,8,0.0012174378956078709,0.0,7,40.85237059166666
IND787059AAB,1,1,1,10,0.0016216653218839219,0.0,1,35.95992916666668
IND791102AAA,1,2,1,5,0.002430120174436024,0.0,1,63.48160810000002
IND788121AAA,1,1,3,2,0.000409379344454079,0.5,2,11.918129349999987
IND788151AAA,2,1,13,13,0.0008179660861115383,0.6666666666666666,12,47.81866013333334
IND799250AAA,1,1,1,1,0.0004101719472506987,0.0,1,22.470555166666657
IND796081AAA,1,1,1,3,0.0004042274262760509,0.5,1,807.6821936166668
IND788713AAA,2,2,11,13,0.0,0.5,10,50.941272583333316
IND788806AAA,2,2,10,11,0.0008080585511537919,0.5,8,100.52826810833334
IND790001AAB,1,0,1,0,0.0,0.0,0,63.66064564999999
IND791109AAA,1,0,1,0,0.0,0.0,0,44.26042444999999
IND791110AAA,1,0,1,0,0.0,0.0,0,37.261079783333315
IND791125AAB,1,0,4,0,0.0,0.0,0,25.90020348333333
IND792001AAA,2,1,2,5,0.00081321046933182,0.16666666666666666,1,20.742037108333342
IND792110AAA,1,1,2,1,0.0,0.5,1,19.024962916666667
IND792130AAB,1,0,9,0,0.0,0.0,0,39.76212364999998
IND793150AAA,1,1,1,2,0.0004042274262760509,1.0,1,68.34835579999998
IND796009AAA,1,1,4,3,0.0,0.0,0,259.85779133333335
IND796321AAB,1,1,3,4,0.0,0.0,3,56.734880566666675
IND799008AAA,0,1,0,1,0.0,0.0,0,
IND801103AAA,1,0,11,0,0.0,0.0,0,53.742471800000004
IND802301AAA,1,1,10,11,3.963013983098538e-07,0.0,9,24.960391658333336
IND802101AAA,2,1,11,6,0.0008183623875098481,0.3333333333333333,6,31.330418199999997
IND802119AAA,1,1,12,10,0.00081321046933182,0.5,10,31.574805833333343
IND802158AAB,1,2,7,13,0.0008080585511537919,0.3333333333333333,7,26.592910333333293
IND802212AAA,1,1,5,5,0.0008080585511537919,0.0,5,28.38304435000009
IND802213AAB,1,1,5,8,0.00081321046933182,0.0,5,4.0791203
IND804401AAA,0,1,0,10,0.0,0.0,0,
IND803101AAA,1,1,9,11,2.377808389859123e-06,0.0,8,49.643486133333326
IND805110AAD,1,1,9,9,2.377808389859123e-06,0.0,9,32.12219151666666
IND803116AAA,1,1,13,9,1.5852055932394153e-06,0.0,9,19.77411351666666
IND803108AAB,0,1,0,13,0.0,0.0,0,
IND803213AAA,2,0,5,0,0.0,0.5,0,24.456741116666677
IND803212AAB,0,2,0,4,0.0,0.5,0,
IND811105AAA,1,1,2,3,0.0,0.5,2,37.40764395833334
IND804420AAA,1,1,11,6,1.5852055932394153e-06,0.0,6,44.67406136666668
IND804452AAA,1,0,6,0,0.0,0.0,0,19.394531633333333
IND812002AAA,1,1,12,12,3.963013983098538e-07,0.5,12,59.43535930833335
IND813203AAA,0,2,0,13,0.0,0.5,0,
IND813102AAA,2,0,13,0,0.0,0.5,0,30.15795333333334
IND814101AAB,1,1,7,8,0.00081321046933182,0.0,7,21.11862601666664
IND816107AAA,1,1,7,7,0.0008080585511537919,0.0,4,30.962477799999988
IND814112AAA,2,3,8,6,0.0008179660861115383,0.3,5,43.43444964166666
IND814133AAA,1,1,1,2,0.0008124178665352003,0.0,1,41.63823958333333
IND814133AAB,1,3,11,12,0.0,0.25,11,37.986094966666684
IND816109AAA,1,2,8,12,0.001211889676031533,0.0,8,45.67810579166667
IND815301AAA,3,1,5,2,0.0,0.5,2,29.025455366666677
IND815353AAA,3,2,6,2,0.0008128141679335102,0.3888888888888889,2,47.813746550000005
IND815351AAA,1,1,8,6,0.0008183623875098481,0.0,1,16.868605816666687
IND821109AAA,1,1,8,4,0.0008183623875098481,0.0,4,36.06506503333334
IND824101AAA,2,2,7,6,0.0008136067707301299,0.0,4,36.988508683333336
IND821307AAA,1,1,5,3,0.0,0.0,0,38.114648716666665
IND825301AAA,1,1,8,7,0.00081321046933182,0.0,7,49.714834358333334
IND825409AAA,1,1,8,8,0.0008080585511537919,0.0,8,53.72562574999995
IND826001AAC,1,0,2,0,0.0,0.0,0,46.440206441666675
IND828111AAA,1,1,4,2,0.0004050200290726706,0.0,1,54.13169390833334
IND827013AAA,1,1,2,14,0.000409379344454079,0.5,1,17.019219916666664
IND829121AAA,1,1,6,2,0.0004042274262760509,0.5,1,24.854216333333312
IND828401AAB,1,0,6,0,0.0,0.0,0,239.824753025
IND829122AAA,1,1,7,7,0.0008183623875098481,0.0,7,135.12691125
IND832109AAB,1,1,15,9,0.0,0.0,0,59.08416511666667
IND841101AAA,1,0,3,0,0.0,0.0,0,39.52086248333333
IND841207AAB,0,2,0,4,0.0,0.0,0,
IND841226AAB,1,2,2,4,1.1889041949295614e-06,0.16666666666666666,2,20.915687666666663
IND841428AAA,0,2,0,8,0.0,0.5,0,
IND841301AAC,1,1,1,1,7.926027966197076e-07,0.0,0,97.38009355
IND841405AAA,1,0,1,0,0.0,0.0,0,558.8099549833333
IND841424AAA,2,0,9,0,0.0,0.5,0,55.01727483333332
IND843105AAB,1,1,14,14,0.0008183623875098481,0.5,14,38.900887708333336
IND843109AAB,2,2,8,13,0.0,1.0,8,38.03451095
IND843126AAA,2,2,9,9,0.0,1.0,8,482.04047216666675
IND843301AAA,1,2,13,12,0.0012217972109892794,0.3333333333333333,12,40.20176485
IND843320AAA,1,2,7,14,0.0012166452928112513,0.3333333333333333,7,29.016251100000005
IND843329AAB,1,1,7,7,0.0012269491291673075,0.5,6,14.280142733333335
IND845401AAA,1,2,15,14,0.00081321046933182,0.3333333333333333,14,42.89488318333332
IND845412AAB,1,1,11,11,0.0,0.5,11,28.12593650000001
IND845418AAB,2,2,7,8,3.963013983098538e-07,0.5,6,50.578972050000004
IND845438AAA,1,2,12,10,0.000409379344454079,0.6666666666666666,9,53.22930621666667
IND846004AAA,1,1,15,15,0.0008183623875098481,0.0,15,70.63717393333332
IND847212AAA,1,1,14,15,0.000409379344454079,0.5,14,68.17880126666668
IND848101AAA,1,2,11,15,0.00081321046933182,0.3333333333333333,11,14.456663300000002
IND848114AAA,1,1,15,14,0.0012273454305656174,0.0,14,32.504523266666666
IND854326AAB,8,6,51,41,0.01865271791424989,0.09444444444444444,10,135.0361901333331
IND847223AAA,1,1,9,7,0.0012114933746332232,0.5,4,34.03067123333335
IND844101AAB,1,0,1,0,0.0,0.0,0,32.27217603333334
IND844505AAB,1,1,11,11,0.0008080585511537919,0.5,11,49.18010805000006
IND845305AAA,1,1,14,15,0.0008080585511537919,0.5,14,78.49381098333333
IND845455AAB,2,1,13,12,0.0004042274262760509,0.6666666666666666,12,130.92015048333337
IND847103AAA,1,1,13,15,0.00081321046933182,0.0,13,46.116002550000005
IND847404AAB,1,1,13,13,0.0008080585511537919,0.0,13,45.87845586666663
IND847226AAA,1,1,14,14,0.0004042274262760509,0.5,14,30.516691974999958
IND848210AAA,1,1,14,15,0.0012221935123875893,0.0,14,24.40376980833333
IND851127AAA,2,1,17,14,0.001217041594209561,0.0,12,37.126917616666674
IND851112AAB,0,1,0,4,0.0,0.0,0,
IND852111AAA,4,2,14,13,1.981506991549269e-06,0.23076923076923078,13,90.0724192583333
IND852118AAA,2,2,2,8,0.0012083229634467442,0.3,2,77.57635898333331
IND854311AAA,3,2,9,15,0.002042141105490677,0.2777777777777778,9,48.60371788333333
IND854335AAA,3,2,14,3,0.00040977564585238885,0.2222222222222222,3,10.785886758333337
IND852113AAA,2,2,14,13,0.0012214009095909695,0.3,13,41.005590675
IND852139AAB,1,2,15,14,0.0012103044704382935,0.3333333333333333,14,113.84520486666668
IND852201AAA,2,3,13,11,7.926027966197076e-07,0.25,11,27.4074842
IND852131AAA,2,2,8,8,0.0,0.3,8,19.283449366666666
IND853204AAA,1,2,11,7,3.963013983098538e-07,0.16666666666666666,6,9.193245666666684
IND851204AAA,0,2,0,15,0.0,0.5,0,
IND854105AAA,1,1,2,2,0.0,0.0,2,41.32790840000001
IND854105AAB,2,1,9,11,0.0008203438945013974,0.16666666666666666,9,29.952656483333328
IND852118A1B,0,3,0,5,0.0,0.3333333333333333,0,
IND854334AAA,3,2,12,8,0.002036989187312649,0.3,7,19.46361458333333
